logId,gcTransactionId,paymentId,timestamp,level,component,event,message,rawPayload
LOG-000218,gc-0ef1dd7b-ce95-9945-9be112efb382,MER-PAY-20250317-000407,2025-03-20T23:03:04.758Z,INFO,REQUEST_RECEIVER,RECEIVED_FROM_CORE,Payment initiation request received from T24 core for SCT_INST,"{""paymentId"": ""MER-PAY-20250317-000407"", ""instructionId"": ""GC-INSTR-0D212AA4E6FEB083F47E"", ""endToEndId"": ""E2E-088895402D96859D3A79E6A3"", ""paymentMethod"": ""SCT_INST"", ""debtor"": {""name"": ""Emma de Wit"", ..."
LOG-000219,gc-0ef1dd7b-ce95-9945-9be112efb382,MER-PAY-20250317-000407,2025-03-20T23:03:04.769Z,INFO,REQUEST_VALIDATOR,VALIDATION_PASSED,Request payload schema validation passed,
LOG-000220,gc-0ef1dd7b-ce95-9945-9be112efb382,MER-PAY-20250317-000407,2025-03-20T23:03:04.787Z,INFO,RAIL_ROUTER,ROUTED_TO_RAIL,Payment routed to SCT_INST rail handler,
LOG-000221,gc-0ef1dd7b-ce95-9945-9be112efb382,MER-PAY-20250317-000407,2025-03-20T23:03:04.841Z,INFO,RAIL_SUBMITTER,SUBMITTED_TO_RAIL,Payment submitted to rt1.eba-clearing.eu,"{""endpoint"":""rt1.eba-clearing.eu"",""messageType"":""pacs.008""}"
LOG-000222,gc-0ef1dd7b-ce95-9945-9be112efb382,MER-PAY-20250317-000407,2025-03-20T23:03:05.739Z,INFO,RAIL_SUBMITTER,RAIL_RESPONSE_RECEIVED,Received pacs.002 rejection from rail,<Document><FIToFIPmtStsRpt><TxInfAndSts><StsRsnInf><Rsn><Cd>AC06</Cd></Rsn></StsRsnInf></TxInfAndSts></FIToFIPmtStsRpt></Document>
LOG-000223,gc-0ef1dd7b-ce95-9945-9be112efb382,MER-PAY-20250317-000407,2025-03-20T23:03:05.769Z,INFO,RESPONSE_HANDLER,CODE_EXTRACTED,"Extracted reason code ""AC06"" from rail response",
LOG-000224,gc-0ef1dd7b-ce95-9945-9be112efb382,MER-PAY-20250317-000407,2025-03-20T23:03:05.799Z,INFO,RESPONSE_RETURNER,RETURNED_TO_CORE,Returning scheme rejection to core,"{""paymentId"": ""MER-PAY-20250317-000407"", ""gcTransactionId"": ""gc-0ef1dd7b-ce95-9945-9be112efb382"", ""instructionId"": ""GC-INSTR-0D212AA4E6FEB083F47E"", ""endToEndId"": ""E2E-088895402D96859D3A79E6A3"", ""status"": ""FAILED"", ""failedTimestamp"": ""2025-03-20T23:03:09.424Z"", ""railName"": ""SCT_INST"", ""errorCode"": ""A..."
LOG-000103,gc-1812877c-6b60-999e-2d29a37d7e0c,MER-PAY-20250317-000188,2025-03-18T22:54:05.956Z,INFO,REQUEST_RECEIVER,RECEIVED_FROM_CORE,Payment initiation request received from T24 core for SWIFT,"{""paymentId"": ""MER-PAY-20250317-000188"", ""instructionId"": ""GC-INSTR-6D51AD6CCBAD60447FEF"", ""endToEndId"": ""E2E-457DF0FFBB5F44ACBE5C26A7"", ""paymentMethod"": ""SWIFT"", ""debtor"": {""name"": ""Eva Peters"", ""acc..."
LOG-000104,gc-1812877c-6b60-999e-2d29a37d7e0c,MER-PAY-20250317-000188,2025-03-18T22:54:05.966Z,INFO,REQUEST_VALIDATOR,VALIDATION_PASSED,Request payload schema validation passed,
LOG-000105,gc-1812877c-6b60-999e-2d29a37d7e0c,MER-PAY-20250317-000188,2025-03-18T22:54:05.998Z,INFO,RAIL_ROUTER,ROUTED_TO_RAIL,Payment routed to SWIFT rail handler,
LOG-000106,gc-1812877c-6b60-999e-2d29a37d7e0c,MER-PAY-20250317-000188,2025-03-18T22:54:06.062Z,INFO,RAIL_SUBMITTER,SUBMITTED_TO_RAIL,Payment submitted to swift.gpi.network,"{""endpoint"":""swift.gpi.network"",""messageType"":""MT103""}"
LOG-000107,gc-1812877c-6b60-999e-2d29a37d7e0c,MER-PAY-20250317-000188,2025-03-18T22:54:08.581Z,INFO,RAIL_SUBMITTER,RAIL_RESPONSE_RECEIVED,Received MT199 rejection from rail,"{""messageType"":""MT199"",""field72"":""/REJT/AC04"",""field11A"":""PAYMENT_REJECTED""}"
LOG-000108,gc-1812877c-6b60-999e-2d29a37d7e0c,MER-PAY-20250317-000188,2025-03-18T22:54:08.611Z,INFO,RESPONSE_HANDLER,CODE_EXTRACTED,"Extracted reason code ""AC04"" from rail response",
LOG-000109,gc-1812877c-6b60-999e-2d29a37d7e0c,MER-PAY-20250317-000188,2025-03-18T22:54:08.641Z,INFO,RESPONSE_RETURNER,RETURNED_TO_CORE,Returning scheme rejection to core,"{""paymentId"": ""MER-PAY-20250317-000188"", ""gcTransactionId"": ""gc-1812877c-6b60-999e-2d29a37d7e0c"", ""instructionId"": ""GC-INSTR-6D51AD6CCBAD60447FEF"", ""endToEndId"": ""E2E-457DF0FFBB5F44ACBE5C26A7"", ""status"": ""FAILED"", ""failedTimestamp"": ""2025-03-18T22:54:15.275Z"", ""railName"": ""SWIFT"", ""errorCode"": ""AC04..."
LOG-000204,gc-1c06054b-90f6-e3b2-220f3f2a06a1,MER-PAY-20250317-000379,2025-03-20T16:07:15.652Z,INFO,REQUEST_RECEIVER,RECEIVED_FROM_CORE,Payment initiation request received from T24 core for SCT_INST,"{""paymentId"": ""MER-PAY-20250317-000379"", ""instructionId"": ""GC-INSTR-A901C44313226FC2B4D6"", ""endToEndId"": ""E2E-42484C9604864BB9567AAD3A"", ""paymentMethod"": ""SCT_INST"", ""debtor"": {""name"": ""Sophie de Boer..."
LOG-000205,gc-1c06054b-90f6-e3b2-220f3f2a06a1,MER-PAY-20250317-000379,2025-03-20T16:07:15.657Z,INFO,REQUEST_VALIDATOR,VALIDATION_PASSED,Request payload schema validation passed,
LOG-000206,gc-1c06054b-90f6-e3b2-220f3f2a06a1,MER-PAY-20250317-000379,2025-03-20T16:07:15.685Z,INFO,RAIL_ROUTER,ROUTED_TO_RAIL,Payment routed to SCT_INST rail handler,
LOG-000207,gc-1c06054b-90f6-e3b2-220f3f2a06a1,MER-PAY-20250317-000379,2025-03-20T16:07:15.744Z,INFO,RAIL_SUBMITTER,SUBMITTED_TO_RAIL,Payment submitted to rt1.eba-clearing.eu,"{""endpoint"":""rt1.eba-clearing.eu"",""messageType"":""pacs.008""}"
LOG-000208,gc-1c06054b-90f6-e3b2-220f3f2a06a1,MER-PAY-20250317-000379,2025-03-20T16:07:16.703Z,INFO,RAIL_SUBMITTER,RAIL_RESPONSE_RECEIVED,Received pacs.002 rejection from rail,<Document><FIToFIPmtStsRpt><TxInfAndSts><StsRsnInf><Rsn><Cd>FF01</Cd></Rsn></StsRsnInf></TxInfAndSts></FIToFIPmtStsRpt></Document>
LOG-000209,gc-1c06054b-90f6-e3b2-220f3f2a06a1,MER-PAY-20250317-000379,2025-03-20T16:07:16.733Z,INFO,RESPONSE_HANDLER,CODE_EXTRACTED,"Extracted reason code ""FF01"" from rail response",
LOG-000210,gc-1c06054b-90f6-e3b2-220f3f2a06a1,MER-PAY-20250317-000379,2025-03-20T16:07:16.763Z,INFO,RESPONSE_RETURNER,RETURNED_TO_CORE,Returning scheme rejection to core,"{""paymentId"": ""MER-PAY-20250317-000379"", ""gcTransactionId"": ""gc-1c06054b-90f6-e3b2-220f3f2a06a1"", ""instructionId"": ""GC-INSTR-A901C44313226FC2B4D6"", ""endToEndId"": ""E2E-42484C9604864BB9567AAD3A"", ""status"": ""FAILED"", ""failedTimestamp"": ""2025-03-20T16:07:25.369Z"", ""railName"": ""SCT_INST"", ""errorCode"": ""F..."
LOG-000281,gc-1d5ad313-44c7-ae3a-53622a58796b,MER-PAY-20250317-000484,2025-03-21T14:53:23.498Z,INFO,REQUEST_RECEIVER,RECEIVED_FROM_CORE,Payment initiation request received from T24 core for SCT,"{""paymentId"": ""MER-PAY-20250317-000484"", ""instructionId"": ""GC-INSTR-34ED54BD549C0F06A274"", ""endToEndId"": ""E2E-D3A4D0668BC97412BF9FFC6F"", ""paymentMethod"": ""SCT"", ""debtor"": {""name"": ""Kasim Yilmaz"", ""acc..."
LOG-000282,gc-1d5ad313-44c7-ae3a-53622a58796b,MER-PAY-20250317-000484,2025-03-21T14:53:23.517Z,INFO,REQUEST_VALIDATOR,VALIDATION_PASSED,Request payload schema validation passed,
LOG-000283,gc-1d5ad313-44c7-ae3a-53622a58796b,MER-PAY-20250317-000484,2025-03-21T14:53:23.526Z,INFO,RAIL_ROUTER,ROUTED_TO_RAIL,Payment routed to SCT rail handler,
LOG-000284,gc-1d5ad313-44c7-ae3a-53622a58796b,MER-PAY-20250317-000484,2025-03-21T14:53:23.573Z,INFO,CORE_CONNECTOR,PRECHECK_REQUESTED,Pre-submission balance and account check requested from T24 core,"{""call"":""T24.Payment.Precheck"",""account"":""NL27ABNA01054857417""}"
LOG-000285,gc-1d5ad313-44c7-ae3a-53622a58796b,MER-PAY-20250317-000484,2025-03-21T14:53:23.675Z,WARN,CORE_CONNECTOR,PRECHECK_RESPONSE_RECEIVED,T24 returned error code: EB-CHK-VAL-001,"{""T24.Response"":{""status"":""REJECT"",""code"":""EB-CHK-VAL-001"",""module"":""FT""}}"
LOG-000286,gc-1d5ad313-44c7-ae3a-53622a58796b,MER-PAY-20250317-000484,2025-03-21T14:53:23.792Z,WARN,RESPONSE_HANDLER,CODE_TRANSLATION_MISSING,"No translation mapping found for T24 code ""EB-CHK-VAL-001"". Passing through raw.",
LOG-000287,gc-1d5ad313-44c7-ae3a-53622a58796b,MER-PAY-20250317-000484,2025-03-21T14:53:23.869Z,INFO,RESPONSE_RETURNER,RETURNED_TO_CORE,Returning failure response to core,"{""paymentId"": ""MER-PAY-20250317-000484"", ""gcTransactionId"": ""gc-1d5ad313-44c7-ae3a-53622a58796b"", ""instructionId"": ""GC-INSTR-34ED54BD549C0F06A274"", ""endToEndId"": ""E2E-D3A4D0668BC97412BF9FFC6F"", ""status"": ""FAILED"", ""failedTimestamp"": ""2025-03-21T14:53:27.286Z"", ""errorCode"": ""EB-CHK-VAL-001"", ""errorMe..."
LOG-000082,gc-2b0eb142-650a-fff1-77a2cc6bbd2f,MER-PAY-20250317-000151,2025-03-18T16:17:54.344Z,INFO,REQUEST_RECEIVER,RECEIVED_FROM_CORE,Payment initiation request received from T24 core for SCT,"{""paymentId"": ""MER-PAY-20250317-000151"", ""instructionId"": ""GC-INSTR-C250A0D69074169B2414"", ""endToEndId"": ""E2E-BA67C1B93DA21643203D68BF"", ""paymentMethod"": ""SCT"", ""debtor"": {""name"": ""Maria Jansen"", ""acc..."
LOG-000083,gc-2b0eb142-650a-fff1-77a2cc6bbd2f,MER-PAY-20250317-000151,2025-03-18T16:17:54.358Z,INFO,REQUEST_VALIDATOR,VALIDATION_PASSED,Request payload schema validation passed,
LOG-000084,gc-2b0eb142-650a-fff1-77a2cc6bbd2f,MER-PAY-20250317-000151,2025-03-18T16:17:54.371Z,INFO,RAIL_ROUTER,ROUTED_TO_RAIL,Payment routed to SCT rail handler,
LOG-000085,gc-2b0eb142-650a-fff1-77a2cc6bbd2f,MER-PAY-20250317-000151,2025-03-18T16:17:54.418Z,INFO,CORE_CONNECTOR,PRECHECK_REQUESTED,Pre-submission balance and account check requested from T24 core,"{""call"":""T24.Payment.Precheck"",""account"":""NL50BUNQ06041454563""}"
LOG-000086,gc-2b0eb142-650a-fff1-77a2cc6bbd2f,MER-PAY-20250317-000151,2025-03-18T16:17:54.489Z,WARN,CORE_CONNECTOR,PRECHECK_RESPONSE_RECEIVED,T24 returned error code: AC.CLOSED,"{""T24.Response"":{""status"":""REJECT"",""code"":""AC.CLOSED"",""module"":""FT""}}"
LOG-000087,gc-2b0eb142-650a-fff1-77a2cc6bbd2f,MER-PAY-20250317-000151,2025-03-18T16:17:54.658Z,WARN,RESPONSE_HANDLER,CODE_TRANSLATION_MISSING,"No translation mapping found for T24 code ""AC.CLOSED"". Passing through raw.",
LOG-000088,gc-2b0eb142-650a-fff1-77a2cc6bbd2f,MER-PAY-20250317-000151,2025-03-18T16:17:54.711Z,INFO,RESPONSE_RETURNER,RETURNED_TO_CORE,Returning failure response to core,"{""paymentId"": ""MER-PAY-20250317-000151"", ""gcTransactionId"": ""gc-2b0eb142-650a-fff1-77a2cc6bbd2f"", ""instructionId"": ""GC-INSTR-C250A0D69074169B2414"", ""endToEndId"": ""E2E-BA67C1B93DA21643203D68BF"", ""status"": ""FAILED"", ""failedTimestamp"": ""2025-03-18T16:18:01.490Z"", ""errorCode"": ""AC.CLOSED"", ""errorMessage..."
LOG-000180,gc-2ca44e66-01f9-b106-82d6b887ff44,MER-PAY-20250317-000346,2025-03-20T08:59:19.782Z,INFO,REQUEST_RECEIVER,RECEIVED_FROM_CORE,Payment initiation request received from T24 core for SCT_INST,"{""paymentId"": ""MER-PAY-20250317-000346"", ""instructionId"": ""GC-INSTR-E403ECA91F95C34088B3"", ""endToEndId"": ""E2E-1306B4612DE77F3F80CE2C13"", ""paymentMethod"": ""SCT_INST"", ""debtor"": {""name"": ""Jan de Vries"",..."
LOG-000181,gc-2ca44e66-01f9-b106-82d6b887ff44,MER-PAY-20250317-000346,2025-03-20T08:59:19.799Z,INFO,REQUEST_VALIDATOR,VALIDATION_PASSED,Request payload schema validation passed,
LOG-000182,gc-2ca44e66-01f9-b106-82d6b887ff44,MER-PAY-20250317-000346,2025-03-20T08:59:19.826Z,INFO,RAIL_ROUTER,ROUTED_TO_RAIL,Payment routed to SCT_INST rail handler,
LOG-000183,gc-2ca44e66-01f9-b106-82d6b887ff44,MER-PAY-20250317-000346,2025-03-20T08:59:19.871Z,INFO,RAIL_SUBMITTER,SUBMITTED_TO_RAIL,Payment submitted to rt1.eba-clearing.eu,"{""endpoint"":""rt1.eba-clearing.eu"",""messageType"":""pacs.008""}"
LOG-000184,gc-2ca44e66-01f9-b106-82d6b887ff44,MER-PAY-20250317-000346,2025-03-20T08:59:30.152Z,ERROR,RAIL_SUBMITTER,RAIL_TIMEOUT,No response from rail within 10000ms timeout window,
LOG-000185,gc-2ca44e66-01f9-b106-82d6b887ff44,MER-PAY-20250317-000346,2025-03-20T08:59:30.396Z,WARN,RESPONSE_HANDLER,GENERIC_TIMEOUT_FALLBACK,java.net.SocketTimeoutException caught. Returning generic TIMEOUT response. paymentState UNKNOWN.,"{{""exception"":""java.net.SocketTimeoutException"",""fallback"":""TIMEOUT""}}"
LOG-000186,gc-2ca44e66-01f9-b106-82d6b887ff44,MER-PAY-20250317-000346,2025-03-20T08:59:30.673Z,INFO,RESPONSE_RETURNER,RETURNED_TO_CORE,Returning timeout failure to core. Payment state cannot be confirmed.,"{""paymentId"": ""MER-PAY-20250317-000346"", ""gcTransactionId"": ""gc-2ca44e66-01f9-b106-82d6b887ff44"", ""instructionId"": ""GC-INSTR-E403ECA91F95C34088B3"", ""endToEndId"": ""E2E-1306B4612DE77F3F80CE2C13"", ""status"": ""FAILED"", ""failedTimestamp"": ""2025-03-20T08:59:25.184Z"", ""errorCode"": ""TIMEOUT"", ""errorMessage"":..."
LOG-000173,gc-2cd9eff9-6669-29ed-837eae428677,MER-PAY-20250317-000330,2025-03-20T07:00:39.491Z,INFO,REQUEST_RECEIVER,RECEIVED_FROM_CORE,Payment initiation request received from T24 core for SWIFT,"{""paymentId"": ""MER-PAY-20250317-000330"", ""instructionId"": ""GC-INSTR-48C03DBD72CF9D65F536"", ""endToEndId"": ""E2E-92DA4C8B2FBC7EBE8DD12862"", ""paymentMethod"": ""SWIFT"", ""debtor"": {""name"": ""Kasim Yilmaz"", ""a..."
LOG-000174,gc-2cd9eff9-6669-29ed-837eae428677,MER-PAY-20250317-000330,2025-03-20T07:00:39.509Z,INFO,REQUEST_VALIDATOR,VALIDATION_PASSED,Request payload schema validation passed,
LOG-000175,gc-2cd9eff9-6669-29ed-837eae428677,MER-PAY-20250317-000330,2025-03-20T07:00:39.535Z,INFO,RAIL_ROUTER,ROUTED_TO_RAIL,Payment routed to SWIFT rail handler,
LOG-000176,gc-2cd9eff9-6669-29ed-837eae428677,MER-PAY-20250317-000330,2025-03-20T07:00:39.555Z,INFO,RAIL_SUBMITTER,SUBMITTED_TO_RAIL,Payment submitted to swift.gpi.network,"{""endpoint"":""swift.gpi.network"",""messageType"":""MT103""}"
LOG-000177,gc-2cd9eff9-6669-29ed-837eae428677,MER-PAY-20250317-000330,2025-03-20T07:00:43.263Z,INFO,RAIL_SUBMITTER,RAIL_RESPONSE_RECEIVED,Received MT199 rejection from rail,"{""messageType"":""MT199"",""field72"":""/REJT/AM04"",""field11A"":""PAYMENT_REJECTED""}"
LOG-000178,gc-2cd9eff9-6669-29ed-837eae428677,MER-PAY-20250317-000330,2025-03-20T07:00:43.293Z,INFO,RESPONSE_HANDLER,CODE_EXTRACTED,"Extracted reason code ""AM04"" from rail response",
LOG-000179,gc-2cd9eff9-6669-29ed-837eae428677,MER-PAY-20250317-000330,2025-03-20T07:00:43.323Z,INFO,RESPONSE_RETURNER,RETURNED_TO_CORE,Returning scheme rejection to core,"{""paymentId"": ""MER-PAY-20250317-000330"", ""gcTransactionId"": ""gc-2cd9eff9-6669-29ed-837eae428677"", ""instructionId"": ""GC-INSTR-48C03DBD72CF9D65F536"", ""endToEndId"": ""E2E-92DA4C8B2FBC7EBE8DD12862"", ""status"": ""FAILED"", ""failedTimestamp"": ""2025-03-20T07:00:43.509Z"", ""railName"": ""SWIFT"", ""errorCode"": ""AM04..."
LOG-000001,gc-3139c484-0c1c-b5de-7e2775ab4b01,MER-PAY-20250317-000006,2025-03-17T08:55:31.638Z,INFO,REQUEST_RECEIVER,RECEIVED_FROM_CORE,Payment initiation request received from T24 core for SCT,"{""paymentId"": ""MER-PAY-20250317-000006"", ""instructionId"": ""GC-INSTR-66708E80608CC79AB9FC"", ""endToEndId"": ""E2E-8CD1E9FCC647EBA1A58BD609"", ""paymentMethod"": ""SCT"", ""debtor"": {""name"": ""Jan de Vries"", ""acc..."
LOG-000002,gc-3139c484-0c1c-b5de-7e2775ab4b01,MER-PAY-20250317-000006,2025-03-17T08:55:31.646Z,INFO,REQUEST_VALIDATOR,VALIDATION_PASSED,Request payload schema validation passed,
LOG-000003,gc-3139c484-0c1c-b5de-7e2775ab4b01,MER-PAY-20250317-000006,2025-03-17T08:55:31.663Z,INFO,RAIL_ROUTER,ROUTED_TO_RAIL,Payment routed to SCT rail handler,
LOG-000004,gc-3139c484-0c1c-b5de-7e2775ab4b01,MER-PAY-20250317-000006,2025-03-17T08:55:31.715Z,INFO,CORE_CONNECTOR,PRECHECK_REQUESTED,Pre-submission balance and account check requested from T24 core,"{""call"":""T24.Payment.Precheck"",""account"":""NL83INGB05624395873""}"
LOG-000005,gc-3139c484-0c1c-b5de-7e2775ab4b01,MER-PAY-20250317-000006,2025-03-17T08:55:31.820Z,WARN,CORE_CONNECTOR,PRECHECK_RESPONSE_RECEIVED,T24 returned error code: LIMIT.EXCEEDED,"{""T24.Response"":{""status"":""REJECT"",""code"":""LIMIT.EXCEEDED"",""module"":""FT""}}"
LOG-000006,gc-3139c484-0c1c-b5de-7e2775ab4b01,MER-PAY-20250317-000006,2025-03-17T08:55:31.942Z,WARN,RESPONSE_HANDLER,CODE_TRANSLATION_MISSING,"No translation mapping found for T24 code ""LIMIT.EXCEEDED"". Passing through raw.",
LOG-000007,gc-3139c484-0c1c-b5de-7e2775ab4b01,MER-PAY-20250317-000006,2025-03-17T08:55:31.996Z,INFO,RESPONSE_RETURNER,RETURNED_TO_CORE,Returning failure response to core,"{""paymentId"": ""MER-PAY-20250317-000006"", ""gcTransactionId"": ""gc-3139c484-0c1c-b5de-7e2775ab4b01"", ""instructionId"": ""GC-INSTR-66708E80608CC79AB9FC"", ""endToEndId"": ""E2E-8CD1E9FCC647EBA1A58BD609"", ""status"": ""FAILED"", ""failedTimestamp"": ""2025-03-17T08:55:38.019Z"", ""railName"": ""SCT"", ""errorCode"": ""LIMIT...."
LOG-000055,gc-324ef7f4-79f6-f668-7319622ca023,MER-PAY-20250317-000098,2025-03-18T05:04:49.163Z,INFO,REQUEST_RECEIVER,RECEIVED_FROM_CORE,Payment initiation request received from T24 core for SCT_INST,"{""paymentId"": ""MER-PAY-20250317-000098"", ""instructionId"": ""GC-INSTR-2E45B7DF215904ED2DE0"", ""endToEndId"": ""E2E-160812978C7996312658CD42"", ""paymentMethod"": ""SCT_INST"", ""debtor"": {""name"": ""Hendrik Visser..."
LOG-000056,gc-324ef7f4-79f6-f668-7319622ca023,MER-PAY-20250317-000098,2025-03-18T05:04:49.187Z,ERROR,REQUEST_VALIDATOR,VALIDATION_FAILED,Instructed amount 999999999.99 exceeds maximum permitted value 1000000.00,"{""validationRule"":""AMOUNT_OUT_OF_RANGE""}"
LOG-000057,gc-324ef7f4-79f6-f668-7319622ca023,MER-PAY-20250317-000098,2025-03-18T05:04:49.196Z,INFO,RESPONSE_RETURNER,RETURNED_TO_CORE,Returning validation failure to core: AMOUNT_OUT_OF_RANGE,"{""paymentId"": ""MER-PAY-20250317-000098"", ""gcTransactionId"": ""gc-324ef7f4-79f6-f668-7319622ca023"", ""instructionId"": ""GC-INSTR-2E45B7DF215904ED2DE0"", ""endToEndId"": ""E2E-160812978C7996312658CD42"", ""statu..."
LOG-000089,gc-3267e64e-5881-a46f-a74af493165e,MER-PAY-20250317-000154,2025-03-18T16:20:34.512Z,INFO,REQUEST_RECEIVER,RECEIVED_FROM_CORE,Payment initiation request received from T24 core for SWIFT,"{""paymentId"": ""MER-PAY-20250317-000154"", ""instructionId"": ""GC-INSTR-2DBE64DF0A3AEA3236EB"", ""endToEndId"": ""E2E-3170303A33ACAE1064D268DD"", ""paymentMethod"": ""SWIFT"", ""debtor"": {""name"": ""Eva Peters"", ""acc..."
LOG-000090,gc-3267e64e-5881-a46f-a74af493165e,MER-PAY-20250317-000154,2025-03-18T16:20:34.531Z,INFO,REQUEST_VALIDATOR,VALIDATION_PASSED,Request payload schema validation passed,
LOG-000091,gc-3267e64e-5881-a46f-a74af493165e,MER-PAY-20250317-000154,2025-03-18T16:20:34.557Z,INFO,RAIL_ROUTER,ROUTED_TO_RAIL,Payment routed to SWIFT rail handler,
LOG-000092,gc-3267e64e-5881-a46f-a74af493165e,MER-PAY-20250317-000154,2025-03-18T16:20:34.625Z,INFO,RAIL_SUBMITTER,SUBMITTED_TO_RAIL,Payment submitted to swift.gpi.network,"{""endpoint"":""swift.gpi.network"",""messageType"":""MT103""}"
LOG-000093,gc-3267e64e-5881-a46f-a74af493165e,MER-PAY-20250317-000154,2025-03-18T16:20:38.120Z,INFO,RAIL_SUBMITTER,RAIL_RESPONSE_RECEIVED,Received MT199 rejection from rail,"{""messageType"":""MT199"",""field72"":""/REJT/RJCT"",""field11A"":""PAYMENT_REJECTED""}"
LOG-000094,gc-3267e64e-5881-a46f-a74af493165e,MER-PAY-20250317-000154,2025-03-18T16:20:38.150Z,INFO,RESPONSE_HANDLER,CODE_EXTRACTED,"Extracted reason code ""RJCT"" from rail response",
LOG-000095,gc-3267e64e-5881-a46f-a74af493165e,MER-PAY-20250317-000154,2025-03-18T16:20:38.180Z,INFO,RESPONSE_RETURNER,RETURNED_TO_CORE,Returning scheme rejection to core,"{""paymentId"": ""MER-PAY-20250317-000154"", ""gcTransactionId"": ""gc-3267e64e-5881-a46f-a74af493165e"", ""instructionId"": ""GC-INSTR-2DBE64DF0A3AEA3236EB"", ""endToEndId"": ""E2E-3170303A33ACAE1064D268DD"", ""status"": ""FAILED"", ""failedTimestamp"": ""2025-03-18T16:20:43.856Z"", ""railName"": ""SWIFT"", ""errorCode"": ""RJCT..."
LOG-000075,gc-331162c9-1c39-b0c3-3f3e67cf4c4d,MER-PAY-20250317-000142,2025-03-18T14:30:53.326Z,INFO,REQUEST_RECEIVER,RECEIVED_FROM_CORE,Payment initiation request received from T24 core for SCT_INST,"{""paymentId"": ""MER-PAY-20250317-000142"", ""instructionId"": ""GC-INSTR-8B101690FE16F9BA10DA"", ""endToEndId"": ""E2E-EE08D661EFB19041D38B58EF"", ""paymentMethod"": ""SCT_INST"", ""debtor"": {""name"": ""Fatima El Amra..."
LOG-000076,gc-331162c9-1c39-b0c3-3f3e67cf4c4d,MER-PAY-20250317-000142,2025-03-18T14:30:53.333Z,INFO,REQUEST_VALIDATOR,VALIDATION_PASSED,Request payload schema validation passed,
LOG-000077,gc-331162c9-1c39-b0c3-3f3e67cf4c4d,MER-PAY-20250317-000142,2025-03-18T14:30:53.352Z,INFO,RAIL_ROUTER,ROUTED_TO_RAIL,Payment routed to SCT_INST rail handler,
LOG-000078,gc-331162c9-1c39-b0c3-3f3e67cf4c4d,MER-PAY-20250317-000142,2025-03-18T14:30:53.428Z,INFO,RAIL_SUBMITTER,SUBMITTED_TO_RAIL,Payment submitted to rt1.eba-clearing.eu,"{""endpoint"":""rt1.eba-clearing.eu"",""messageType"":""pacs.008""}"
LOG-000079,gc-331162c9-1c39-b0c3-3f3e67cf4c4d,MER-PAY-20250317-000142,2025-03-18T14:30:54.579Z,INFO,RAIL_SUBMITTER,RAIL_RESPONSE_RECEIVED,Received pacs.002 rejection from rail,<Document><FIToFIPmtStsRpt><TxInfAndSts><StsRsnInf><Rsn><Cd>AC01</Cd></Rsn></StsRsnInf></TxInfAndSts></FIToFIPmtStsRpt></Document>
LOG-000080,gc-331162c9-1c39-b0c3-3f3e67cf4c4d,MER-PAY-20250317-000142,2025-03-18T14:30:54.609Z,INFO,RESPONSE_HANDLER,CODE_EXTRACTED,"Extracted reason code ""AC01"" from rail response",
LOG-000081,gc-331162c9-1c39-b0c3-3f3e67cf4c4d,MER-PAY-20250317-000142,2025-03-18T14:30:54.639Z,INFO,RESPONSE_RETURNER,RETURNED_TO_CORE,Returning scheme rejection to core,"{""paymentId"": ""MER-PAY-20250317-000142"", ""gcTransactionId"": ""gc-331162c9-1c39-b0c3-3f3e67cf4c4d"", ""instructionId"": ""GC-INSTR-8B101690FE16F9BA10DA"", ""endToEndId"": ""E2E-EE08D661EFB19041D38B58EF"", ""status"": ""FAILED"", ""failedTimestamp"": ""2025-03-18T14:30:56.076Z"", ""railName"": ""SCT_INST"", ""errorCode"": ""A..."
LOG-000131,gc-3898d02a-0dad-4e06-2a9b9c279e14,MER-PAY-20250317-000229,2025-03-19T08:36:43.358Z,INFO,REQUEST_RECEIVER,RECEIVED_FROM_CORE,Payment initiation request received from T24 core for SCT,"{""paymentId"": ""MER-PAY-20250317-000229"", ""instructionId"": ""GC-INSTR-5616842B488B91BAF7BE"", ""endToEndId"": ""E2E-F4958F5298A729BF00A1DCF6"", ""paymentMethod"": ""SCT"", ""debtor"": {""name"": ""Lars Mulder"", ""acco..."
LOG-000132,gc-3898d02a-0dad-4e06-2a9b9c279e14,MER-PAY-20250317-000229,2025-03-19T08:36:43.375Z,INFO,REQUEST_VALIDATOR,VALIDATION_PASSED,Request payload schema validation passed,
LOG-000133,gc-3898d02a-0dad-4e06-2a9b9c279e14,MER-PAY-20250317-000229,2025-03-19T08:36:43.391Z,INFO,RAIL_ROUTER,ROUTED_TO_RAIL,Payment routed to SCT rail handler,
LOG-000134,gc-3898d02a-0dad-4e06-2a9b9c279e14,MER-PAY-20250317-000229,2025-03-19T08:36:43.422Z,INFO,RAIL_SUBMITTER,SUBMITTED_TO_RAIL,Payment submitted to eba-clearing.step2-sct.eu,"{""endpoint"":""eba-clearing.step2-sct.eu"",""messageType"":""pacs.008""}"
LOG-000135,gc-3898d02a-0dad-4e06-2a9b9c279e14,MER-PAY-20250317-000229,2025-03-19T08:36:45.706Z,INFO,RAIL_SUBMITTER,RAIL_RESPONSE_RECEIVED,Received pacs.002 rejection from rail,<Document><FIToFIPmtStsRpt><TxInfAndSts><StsRsnInf><Rsn><Cd>CNOR</Cd></Rsn></StsRsnInf></TxInfAndSts></FIToFIPmtStsRpt></Document>
LOG-000136,gc-3898d02a-0dad-4e06-2a9b9c279e14,MER-PAY-20250317-000229,2025-03-19T08:36:45.736Z,INFO,RESPONSE_HANDLER,CODE_EXTRACTED,"Extracted reason code ""CNOR"" from rail response",
LOG-000137,gc-3898d02a-0dad-4e06-2a9b9c279e14,MER-PAY-20250317-000229,2025-03-19T08:36:45.766Z,INFO,RESPONSE_RETURNER,RETURNED_TO_CORE,Returning scheme rejection to core,"{""paymentId"": ""MER-PAY-20250317-000229"", ""gcTransactionId"": ""gc-3898d02a-0dad-4e06-2a9b9c279e14"", ""instructionId"": ""GC-INSTR-5616842B488B91BAF7BE"", ""endToEndId"": ""E2E-F4958F5298A729BF00A1DCF6"", ""status"": ""FAILED"", ""failedTimestamp"": ""2025-03-19T08:36:52.825Z"", ""railName"": ""SCT"", ""errorCode"": ""CNOR"",..."
LOG-000232,gc-44993157-7ebd-1a0c-6ce5e6e1cbde,MER-PAY-20250317-000449,2025-03-21T07:27:03.024Z,INFO,REQUEST_RECEIVER,RECEIVED_FROM_CORE,Payment initiation request received from T24 core for SCT,"{""paymentId"": ""MER-PAY-20250317-000449"", ""instructionId"": ""GC-INSTR-AA08595B2AFFC916C257"", ""endToEndId"": ""E2E-B8466BC73698F8346A916535"", ""paymentMethod"": ""SCT"", ""debtor"": {""name"": ""Eva Peters"", ""accou..."
LOG-000233,gc-44993157-7ebd-1a0c-6ce5e6e1cbde,MER-PAY-20250317-000449,2025-03-21T07:27:03.029Z,INFO,REQUEST_VALIDATOR,VALIDATION_PASSED,Request payload schema validation passed,
LOG-000234,gc-44993157-7ebd-1a0c-6ce5e6e1cbde,MER-PAY-20250317-000449,2025-03-21T07:27:03.052Z,INFO,RAIL_ROUTER,ROUTED_TO_RAIL,Payment routed to SCT rail handler,
LOG-000235,gc-44993157-7ebd-1a0c-6ce5e6e1cbde,MER-PAY-20250317-000449,2025-03-21T07:27:03.143Z,INFO,RAIL_SUBMITTER,SUBMITTED_TO_RAIL,Payment submitted to eba-clearing.step2-sct.eu,"{""endpoint"":""eba-clearing.step2-sct.eu"",""messageType"":""pacs.008""}"
LOG-000236,gc-44993157-7ebd-1a0c-6ce5e6e1cbde,MER-PAY-20250317-000449,2025-03-21T07:27:06.617Z,INFO,RAIL_SUBMITTER,RAIL_RESPONSE_RECEIVED,Received pacs.002 rejection from rail,<Document><FIToFIPmtStsRpt><TxInfAndSts><StsRsnInf><Rsn><Cd>FF01</Cd></Rsn></StsRsnInf></TxInfAndSts></FIToFIPmtStsRpt></Document>
LOG-000237,gc-44993157-7ebd-1a0c-6ce5e6e1cbde,MER-PAY-20250317-000449,2025-03-21T07:27:06.647Z,INFO,RESPONSE_HANDLER,CODE_EXTRACTED,"Extracted reason code ""FF01"" from rail response",
LOG-000238,gc-44993157-7ebd-1a0c-6ce5e6e1cbde,MER-PAY-20250317-000449,2025-03-21T07:27:06.677Z,INFO,RESPONSE_RETURNER,RETURNED_TO_CORE,Returning scheme rejection to core,"{""paymentId"": ""MER-PAY-20250317-000449"", ""gcTransactionId"": ""gc-44993157-7ebd-1a0c-6ce5e6e1cbde"", ""instructionId"": ""GC-INSTR-AA08595B2AFFC916C257"", ""endToEndId"": ""E2E-B8466BC73698F8346A916535"", ""status"": ""FAILED"", ""failedTimestamp"": ""2025-03-21T07:27:08.173Z"", ""railName"": ""SCT"", ""errorCode"": ""FF01"",..."
LOG-000042,gc-44c497a3-ac8a-f500-168a5b40909e,MER-PAY-20250317-000046,2025-03-17T18:15:16.585Z,INFO,REQUEST_RECEIVER,RECEIVED_FROM_CORE,Payment initiation request received from T24 core for SCT,"{""paymentId"": ""MER-PAY-20250317-000046"", ""instructionId"": ""GC-INSTR-391F196CAC2124A17FCB"", ""endToEndId"": ""E2E-AC4C406F4D21F36A18691740"", ""paymentMethod"": ""SCT"", ""debtor"": {""name"": ""Rajesh Kumar"", ""acc..."
LOG-000043,gc-44c497a3-ac8a-f500-168a5b40909e,MER-PAY-20250317-000046,2025-03-17T18:15:16.598Z,ERROR,REQUEST_VALIDATOR,VALIDATION_FAILED,Creditor IBAN failed MOD-97 checksum validation,"{""validationRule"":""INVALID_IBAN_CHECKSUM"",""field"":""creditor.account""}"
LOG-000044,gc-44c497a3-ac8a-f500-168a5b40909e,MER-PAY-20250317-000046,2025-03-17T18:15:16.614Z,INFO,RESPONSE_RETURNER,RETURNED_TO_CORE,Returning validation failure to core: INVALID_IBAN_CHECKSUM,"{""paymentId"": ""MER-PAY-20250317-000046"", ""gcTransactionId"": ""gc-44c497a3-ac8a-f500-168a5b40909e"", ""instructionId"": ""GC-INSTR-391F196CAC2124A17FCB"", ""endToEndId"": ""E2E-AC4C406F4D21F36A18691740"", ""statu..."
LOG-000045,gc-4907ea10-9842-8936-41868f7cfd28,MER-PAY-20250317-000047,2025-03-17T18:23:39.186Z,INFO,REQUEST_RECEIVER,RECEIVED_FROM_CORE,Payment initiation request received from T24 core for SWIFT,"{""paymentId"": ""MER-PAY-20250317-000047"", ""instructionId"": ""GC-INSTR-155995D844FE512C4E4B"", ""endToEndId"": ""E2E-70C6A1B99457BA4507FB1811"", ""paymentMethod"": ""SWIFT"", ""debtor"": {""name"": ""Hendrik Visser"", ..."
LOG-000046,gc-4907ea10-9842-8936-41868f7cfd28,MER-PAY-20250317-000047,2025-03-17T18:23:39.197Z,ERROR,REQUEST_VALIDATOR,VALIDATION_FAILED,Creditor agent BIC does not match ISO 9362 format,"{""validationRule"":""INVALID_BIC""}"
LOG-000047,gc-4907ea10-9842-8936-41868f7cfd28,MER-PAY-20250317-000047,2025-03-17T18:23:39.221Z,INFO,RESPONSE_RETURNER,RETURNED_TO_CORE,Returning validation failure to core: INVALID_BIC,"{""paymentId"": ""MER-PAY-20250317-000047"", ""gcTransactionId"": ""gc-4907ea10-9842-8936-41868f7cfd28"", ""instructionId"": ""GC-INSTR-155995D844FE512C4E4B"", ""endToEndId"": ""E2E-70C6A1B99457BA4507FB1811"", ""statu..."
LOG-000110,gc-529146e6-146b-81bf-b35ad962f609,MER-PAY-20250317-000189,2025-03-18T22:56:18.054Z,INFO,REQUEST_RECEIVER,RECEIVED_FROM_CORE,Payment initiation request received from T24 core for SCT,"{""paymentId"": ""MER-PAY-20250317-000189"", ""instructionId"": ""GC-INSTR-11181A554D306F61E2B4"", ""endToEndId"": ""E2E-D78BD89E2F65BF89D7208226"", ""paymentMethod"": ""SCT"", ""debtor"": {""name"": ""Eva Peters"", ""accou..."
LOG-000111,gc-529146e6-146b-81bf-b35ad962f609,MER-PAY-20250317-000189,2025-03-18T22:56:18.064Z,INFO,REQUEST_VALIDATOR,VALIDATION_PASSED,Request payload schema validation passed,
LOG-000112,gc-529146e6-146b-81bf-b35ad962f609,MER-PAY-20250317-000189,2025-03-18T22:56:18.093Z,INFO,RAIL_ROUTER,ROUTED_TO_RAIL,Payment routed to SCT rail handler,
LOG-000113,gc-529146e6-146b-81bf-b35ad962f609,MER-PAY-20250317-000189,2025-03-18T22:56:18.138Z,INFO,CORE_CONNECTOR,PRECHECK_REQUESTED,Pre-submission balance and account check requested from T24 core,"{""call"":""T24.Payment.Precheck"",""account"":""NL45KNAB03967275784""}"
LOG-000114,gc-529146e6-146b-81bf-b35ad962f609,MER-PAY-20250317-000189,2025-03-18T22:56:18.243Z,WARN,CORE_CONNECTOR,PRECHECK_RESPONSE_RECEIVED,T24 returned error code: AC.NOT.FOUND,"{""T24.Response"":{""status"":""REJECT"",""code"":""AC.NOT.FOUND"",""module"":""FT""}}"
LOG-000115,gc-529146e6-146b-81bf-b35ad962f609,MER-PAY-20250317-000189,2025-03-18T22:56:18.384Z,WARN,RESPONSE_HANDLER,CODE_TRANSLATION_MISSING,"No translation mapping found for T24 code ""AC.NOT.FOUND"". Passing through raw.",
LOG-000116,gc-529146e6-146b-81bf-b35ad962f609,MER-PAY-20250317-000189,2025-03-18T22:56:18.448Z,INFO,RESPONSE_RETURNER,RETURNED_TO_CORE,Returning failure response to core,"{""paymentId"": ""MER-PAY-20250317-000189"", ""gcTransactionId"": ""gc-529146e6-146b-81bf-b35ad962f609"", ""instructionId"": ""GC-INSTR-11181A554D306F61E2B4"", ""endToEndId"": ""E2E-D78BD89E2F65BF89D7208226"", ""status"": ""FAILED"", ""failedTimestamp"": ""2025-03-18T22:56:29.654Z"", ""errorCode"": ""AC.NOT.FOUND"", ""errorMess..."
LOG-000295,gc-5693818c-4fa1-f6c5-fc3880257798,MER-PAY-20250317-000500,2025-03-21T17:56:08.063Z,INFO,REQUEST_RECEIVER,RECEIVED_FROM_CORE,Payment initiation request received from T24 core for SCT,"{""paymentId"": ""MER-PAY-20250317-000500"", ""instructionId"": ""GC-INSTR-592FB45D8B4D5AF9CBB0"", ""endToEndId"": ""E2E-7FCC9B92A9D2A0F1052B6CED"", ""paymentMethod"": ""SCT"", ""debtor"": {""name"": ""Lars Mulder"", ""acco..."
LOG-000296,gc-5693818c-4fa1-f6c5-fc3880257798,MER-PAY-20250317-000500,2025-03-21T17:56:08.075Z,INFO,REQUEST_VALIDATOR,VALIDATION_PASSED,Request payload schema validation passed,
LOG-000297,gc-5693818c-4fa1-f6c5-fc3880257798,MER-PAY-20250317-000500,2025-03-21T17:56:08.088Z,INFO,RAIL_ROUTER,ROUTED_TO_RAIL,Payment routed to SCT rail handler,
LOG-000298,gc-5693818c-4fa1-f6c5-fc3880257798,MER-PAY-20250317-000500,2025-03-21T17:56:08.127Z,INFO,RAIL_SUBMITTER,SUBMITTED_TO_RAIL,Payment submitted to eba-clearing.step2-sct.eu,"{""endpoint"":""eba-clearing.step2-sct.eu"",""messageType"":""pacs.008""}"
LOG-000299,gc-5693818c-4fa1-f6c5-fc3880257798,MER-PAY-20250317-000500,2025-03-21T17:56:09.165Z,INFO,RAIL_SUBMITTER,RAIL_RESPONSE_RECEIVED,Received pacs.002 rejection from rail,<Document><FIToFIPmtStsRpt><TxInfAndSts><StsRsnInf><Rsn><Cd>BE01</Cd></Rsn></StsRsnInf></TxInfAndSts></FIToFIPmtStsRpt></Document>
LOG-000300,gc-5693818c-4fa1-f6c5-fc3880257798,MER-PAY-20250317-000500,2025-03-21T17:56:09.195Z,INFO,RESPONSE_HANDLER,CODE_EXTRACTED,"Extracted reason code ""BE01"" from rail response",
LOG-000301,gc-5693818c-4fa1-f6c5-fc3880257798,MER-PAY-20250317-000500,2025-03-21T17:56:09.225Z,INFO,RESPONSE_RETURNER,RETURNED_TO_CORE,Returning scheme rejection to core,"{""paymentId"": ""MER-PAY-20250317-000500"", ""gcTransactionId"": ""gc-5693818c-4fa1-f6c5-fc3880257798"", ""instructionId"": ""GC-INSTR-592FB45D8B4D5AF9CBB0"", ""endToEndId"": ""E2E-7FCC9B92A9D2A0F1052B6CED"", ""status"": ""FAILED"", ""failedTimestamp"": ""2025-03-21T17:56:19.141Z"", ""railName"": ""SCT"", ""errorCode"": ""BE01"",..."
LOG-000096,gc-616f5823-5eb5-70f6-0ac8d2ec52d8,MER-PAY-20250317-000184,2025-03-18T21:51:52.259Z,INFO,REQUEST_RECEIVER,RECEIVED_FROM_CORE,Payment initiation request received from T24 core for SCT_INST,"{""paymentId"": ""MER-PAY-20250317-000184"", ""instructionId"": ""GC-INSTR-75E5EA4F6AD76A572810"", ""endToEndId"": ""E2E-FFFB08E764E50A8A500E8A69"", ""paymentMethod"": ""SCT_INST"", ""debtor"": {""name"": ""Pieter van den..."
LOG-000097,gc-616f5823-5eb5-70f6-0ac8d2ec52d8,MER-PAY-20250317-000184,2025-03-18T21:51:52.269Z,INFO,REQUEST_VALIDATOR,VALIDATION_PASSED,Request payload schema validation passed,
LOG-000098,gc-616f5823-5eb5-70f6-0ac8d2ec52d8,MER-PAY-20250317-000184,2025-03-18T21:51:52.295Z,INFO,RAIL_ROUTER,ROUTED_TO_RAIL,Payment routed to SCT_INST rail handler,
LOG-000099,gc-616f5823-5eb5-70f6-0ac8d2ec52d8,MER-PAY-20250317-000184,2025-03-18T21:51:52.341Z,INFO,RAIL_SUBMITTER,SUBMITTED_TO_RAIL,Payment submitted to rt1.eba-clearing.eu,"{""endpoint"":""rt1.eba-clearing.eu"",""messageType"":""pacs.008""}"
LOG-000100,gc-616f5823-5eb5-70f6-0ac8d2ec52d8,MER-PAY-20250317-000184,2025-03-18T21:52:02.466Z,ERROR,RAIL_SUBMITTER,RAIL_TIMEOUT,No response from rail within 10000ms timeout window,
LOG-000101,gc-616f5823-5eb5-70f6-0ac8d2ec52d8,MER-PAY-20250317-000184,2025-03-18T21:52:02.877Z,ERROR,RESPONSE_HANDLER,UNHANDLED_EXCEPTION,java.net.SSLHandshakeException not caught by exception handler. Default empty response generated.,"{""exception"":""java.net.SSLHandshakeException"",""handler"":""none""}"
LOG-000102,gc-616f5823-5eb5-70f6-0ac8d2ec52d8,MER-PAY-20250317-000184,2025-03-18T21:52:03.027Z,INFO,RESPONSE_RETURNER,RETURNED_TO_CORE,Returning timeout failure to core. Payment state cannot be confirmed.,"{""paymentId"": ""MER-PAY-20250317-000184"", ""gcTransactionId"": ""gc-616f5823-5eb5-70f6-0ac8d2ec52d8"", ""instructionId"": ""GC-INSTR-75E5EA4F6AD76A572810"", ""endToEndId"": ""E2E-FFFB08E764E50A8A500E8A69"", ""status"": ""FAILED"", ""failedTimestamp"": ""2025-03-18T21:52:00.445Z"", ""errorCode"": """", ""errorMessage"": """"}"
LOG-000008,gc-63644b86-fbfc-b790-c77142a183f9,MER-PAY-20250317-000009,2025-03-17T09:20:54.303Z,INFO,REQUEST_RECEIVER,RECEIVED_FROM_CORE,Payment initiation request received from T24 core for SCT,"{""paymentId"": ""MER-PAY-20250317-000009"", ""instructionId"": ""GC-INSTR-16D8DC076BD0B9D43877"", ""endToEndId"": ""E2E-F3778BBE6120813D1E7A82D6"", ""paymentMethod"": ""SCT"", ""debtor"": {""name"": ""Lotte van Dijk"", ""a..."
LOG-000009,gc-63644b86-fbfc-b790-c77142a183f9,MER-PAY-20250317-000009,2025-03-17T09:20:54.311Z,INFO,REQUEST_VALIDATOR,VALIDATION_PASSED,Request payload schema validation passed,
LOG-000010,gc-63644b86-fbfc-b790-c77142a183f9,MER-PAY-20250317-000009,2025-03-17T09:20:54.345Z,INFO,RAIL_ROUTER,ROUTED_TO_RAIL,Payment routed to SCT rail handler,
LOG-000011,gc-63644b86-fbfc-b790-c77142a183f9,MER-PAY-20250317-000009,2025-03-17T09:20:54.368Z,INFO,CORE_CONNECTOR,PRECHECK_REQUESTED,Pre-submission balance and account check requested from T24 core,"{""call"":""T24.Payment.Precheck"",""account"":""NL97KNAB04859592248""}"
LOG-000012,gc-63644b86-fbfc-b790-c77142a183f9,MER-PAY-20250317-000009,2025-03-17T09:20:54.574Z,WARN,CORE_CONNECTOR,PRECHECK_RESPONSE_RECEIVED,T24 returned error code: INSUFF.FUNDS,"{""T24.Response"":{""status"":""REJECT"",""code"":""INSUFF.FUNDS"",""module"":""FT""}}"
LOG-000013,gc-63644b86-fbfc-b790-c77142a183f9,MER-PAY-20250317-000009,2025-03-17T09:20:54.620Z,WARN,RESPONSE_HANDLER,CODE_TRANSLATION_MISSING,"No translation mapping found for T24 code ""INSUFF.FUNDS"". Passing through raw.",
LOG-000014,gc-63644b86-fbfc-b790-c77142a183f9,MER-PAY-20250317-000009,2025-03-17T09:20:54.655Z,INFO,RESPONSE_RETURNER,RETURNED_TO_CORE,Returning failure response to core,"{""paymentId"": ""MER-PAY-20250317-000009"", ""gcTransactionId"": ""gc-63644b86-fbfc-b790-c77142a183f9"", ""instructionId"": ""GC-INSTR-16D8DC076BD0B9D43877"", ""endToEndId"": ""E2E-F3778BBE6120813D1E7A82D6"", ""status"": ""FAILED"", ""failedTimestamp"": ""2025-03-17T09:20:56.445Z"", ""errorCode"": ""INSUFF.FUNDS"", ""errorMess..."
LOG-000260,gc-69a23043-4546-c8bf-467103752761,MER-PAY-20250317-000467,2025-03-21T10:32:43.279Z,INFO,REQUEST_RECEIVER,RECEIVED_FROM_CORE,Payment initiation request received from T24 core for SCT_INST,"{""paymentId"": ""MER-PAY-20250317-000467"", ""instructionId"": ""GC-INSTR-5481C4178BBBE1814EDE"", ""endToEndId"": ""E2E-182B055A654B8384DCD37FC3"", ""paymentMethod"": ""SCT_INST"", ""debtor"": {""name"": ""Bram Smits"", ""..."
LOG-000261,gc-69a23043-4546-c8bf-467103752761,MER-PAY-20250317-000467,2025-03-21T10:32:43.288Z,INFO,REQUEST_VALIDATOR,VALIDATION_PASSED,Request payload schema validation passed,
LOG-000262,gc-69a23043-4546-c8bf-467103752761,MER-PAY-20250317-000467,2025-03-21T10:32:43.319Z,INFO,RAIL_ROUTER,ROUTED_TO_RAIL,Payment routed to SCT_INST rail handler,
LOG-000263,gc-69a23043-4546-c8bf-467103752761,MER-PAY-20250317-000467,2025-03-21T10:32:43.374Z,INFO,CORE_CONNECTOR,PRECHECK_REQUESTED,Pre-submission balance and account check requested from T24 core,"{""call"":""T24.Payment.Precheck"",""account"":""NL21RABO05956600301""}"
LOG-000264,gc-69a23043-4546-c8bf-467103752761,MER-PAY-20250317-000467,2025-03-21T10:32:43.441Z,WARN,CORE_CONNECTOR,PRECHECK_RESPONSE_RECEIVED,T24 returned error code: AC.CLOSED,"{""T24.Response"":{""status"":""REJECT"",""code"":""AC.CLOSED"",""module"":""FT""}}"
LOG-000265,gc-69a23043-4546-c8bf-467103752761,MER-PAY-20250317-000467,2025-03-21T10:32:43.585Z,WARN,RESPONSE_HANDLER,CODE_TRANSLATION_MISSING,"No translation mapping found for T24 code ""AC.CLOSED"". Passing through raw.",
LOG-000266,gc-69a23043-4546-c8bf-467103752761,MER-PAY-20250317-000467,2025-03-21T10:32:43.662Z,INFO,RESPONSE_RETURNER,RETURNED_TO_CORE,Returning failure response to core,"{""paymentId"": ""MER-PAY-20250317-000467"", ""gcTransactionId"": ""gc-69a23043-4546-c8bf-467103752761"", ""instructionId"": ""GC-INSTR-5481C4178BBBE1814EDE"", ""endToEndId"": ""E2E-182B055A654B8384DCD37FC3"", ""status"": ""FAILED"", ""failedTimestamp"": ""2025-03-21T10:32:53.702Z"", ""errorCode"": ""AC.CLOSED"", ""errorMessage..."
LOG-000197,gc-6a1b4261-6c8f-5042-9b807639975f,MER-PAY-20250317-000365,2025-03-20T12:56:32.441Z,INFO,REQUEST_RECEIVER,RECEIVED_FROM_CORE,Payment initiation request received from T24 core for SCT_INST,"{""paymentId"": ""MER-PAY-20250317-000365"", ""instructionId"": ""GC-INSTR-CCFD820CED48EEB4BFA8"", ""endToEndId"": ""E2E-7E33B3A63A26AB8AA440EC2B"", ""paymentMethod"": ""SCT_INST"", ""debtor"": {""name"": ""Lotte van Dijk..."
LOG-000198,gc-6a1b4261-6c8f-5042-9b807639975f,MER-PAY-20250317-000365,2025-03-20T12:56:32.455Z,INFO,REQUEST_VALIDATOR,VALIDATION_PASSED,Request payload schema validation passed,
LOG-000199,gc-6a1b4261-6c8f-5042-9b807639975f,MER-PAY-20250317-000365,2025-03-20T12:56:32.479Z,INFO,RAIL_ROUTER,ROUTED_TO_RAIL,Payment routed to SCT_INST rail handler,
LOG-000200,gc-6a1b4261-6c8f-5042-9b807639975f,MER-PAY-20250317-000365,2025-03-20T12:56:32.511Z,INFO,RAIL_SUBMITTER,SUBMITTED_TO_RAIL,Payment submitted to rt1.eba-clearing.eu,"{""endpoint"":""rt1.eba-clearing.eu"",""messageType"":""pacs.008""}"
LOG-000201,gc-6a1b4261-6c8f-5042-9b807639975f,MER-PAY-20250317-000365,2025-03-20T12:56:34.619Z,INFO,RAIL_SUBMITTER,RAIL_RESPONSE_RECEIVED,Received pacs.002 rejection from rail,<Document><FIToFIPmtStsRpt><TxInfAndSts><StsRsnInf><Rsn><Cd>AC04</Cd></Rsn></StsRsnInf></TxInfAndSts></FIToFIPmtStsRpt></Document>
LOG-000202,gc-6a1b4261-6c8f-5042-9b807639975f,MER-PAY-20250317-000365,2025-03-20T12:56:34.649Z,INFO,RESPONSE_HANDLER,CODE_EXTRACTED,"Extracted reason code ""AC04"" from rail response",
LOG-000203,gc-6a1b4261-6c8f-5042-9b807639975f,MER-PAY-20250317-000365,2025-03-20T12:56:34.679Z,INFO,RESPONSE_RETURNER,RETURNED_TO_CORE,Returning scheme rejection to core,"{""paymentId"": ""MER-PAY-20250317-000365"", ""gcTransactionId"": ""gc-6a1b4261-6c8f-5042-9b807639975f"", ""instructionId"": ""GC-INSTR-CCFD820CED48EEB4BFA8"", ""endToEndId"": ""E2E-7E33B3A63A26AB8AA440EC2B"", ""status"": ""FAILED"", ""failedTimestamp"": ""2025-03-20T12:56:35.106Z"", ""railName"": ""SCT_INST"", ""errorCode"": ""A..."
LOG-000058,gc-6ce9f454-4561-385e-42d2a2d3726a,MER-PAY-20250317-000107,2025-03-18T07:13:35.203Z,INFO,REQUEST_RECEIVER,RECEIVED_FROM_CORE,Payment initiation request received from T24 core for SCT_INST,"{""paymentId"": ""MER-PAY-20250317-000107"", ""instructionId"": ""GC-INSTR-03798BC6DD0CFABE94CF"", ""endToEndId"": ""E2E-2C1A7E14F4D03CDF2D9462CB"", ""paymentMethod"": ""SCT_INST"", ""debtor"": {""name"": ""Hendrik Visser..."
LOG-000059,gc-6ce9f454-4561-385e-42d2a2d3726a,MER-PAY-20250317-000107,2025-03-18T07:13:35.209Z,INFO,REQUEST_VALIDATOR,VALIDATION_PASSED,Request payload schema validation passed,
LOG-000060,gc-6ce9f454-4561-385e-42d2a2d3726a,MER-PAY-20250317-000107,2025-03-18T07:13:35.242Z,INFO,RAIL_ROUTER,ROUTED_TO_RAIL,Payment routed to SCT_INST rail handler,
LOG-000061,gc-6ce9f454-4561-385e-42d2a2d3726a,MER-PAY-20250317-000107,2025-03-18T07:13:35.297Z,INFO,RAIL_SUBMITTER,SUBMITTED_TO_RAIL,Payment submitted to rt1.eba-clearing.eu,"{""endpoint"":""rt1.eba-clearing.eu"",""messageType"":""pacs.008""}"
LOG-000062,gc-6ce9f454-4561-385e-42d2a2d3726a,MER-PAY-20250317-000107,2025-03-18T07:13:36.034Z,INFO,RAIL_SUBMITTER,RAIL_RESPONSE_RECEIVED,Received pacs.002 rejection from rail,<Document><FIToFIPmtStsRpt><TxInfAndSts><StsRsnInf><Rsn><Cd>BE01</Cd></Rsn></StsRsnInf></TxInfAndSts></FIToFIPmtStsRpt></Document>
LOG-000063,gc-6ce9f454-4561-385e-42d2a2d3726a,MER-PAY-20250317-000107,2025-03-18T07:13:36.064Z,INFO,RESPONSE_HANDLER,CODE_EXTRACTED,"Extracted reason code ""BE01"" from rail response",
LOG-000064,gc-6ce9f454-4561-385e-42d2a2d3726a,MER-PAY-20250317-000107,2025-03-18T07:13:36.094Z,INFO,RESPONSE_RETURNER,RETURNED_TO_CORE,Returning scheme rejection to core,"{""paymentId"": ""MER-PAY-20250317-000107"", ""gcTransactionId"": ""gc-6ce9f454-4561-385e-42d2a2d3726a"", ""instructionId"": ""GC-INSTR-03798BC6DD0CFABE94CF"", ""endToEndId"": ""E2E-2C1A7E14F4D03CDF2D9462CB"", ""status"": ""FAILED"", ""failedTimestamp"": ""2025-03-18T07:13:38.136Z"", ""railName"": ""SCT_INST"", ""errorCode"": ""B..."
LOG-000274,gc-70a6c39d-17f5-651a-bb0241518e54,MER-PAY-20250317-000480,2025-03-21T14:25:17.406Z,INFO,REQUEST_RECEIVER,RECEIVED_FROM_CORE,Payment initiation request received from T24 core for SCT_INST,"{""paymentId"": ""MER-PAY-20250317-000480"", ""instructionId"": ""GC-INSTR-D8F51336B08F9E56C51A"", ""endToEndId"": ""E2E-157205B42191AA299844C385"", ""paymentMethod"": ""SCT_INST"", ""debtor"": {""name"": ""Lars Mulder"", ..."
LOG-000275,gc-70a6c39d-17f5-651a-bb0241518e54,MER-PAY-20250317-000480,2025-03-21T14:25:17.417Z,INFO,REQUEST_VALIDATOR,VALIDATION_PASSED,Request payload schema validation passed,
LOG-000276,gc-70a6c39d-17f5-651a-bb0241518e54,MER-PAY-20250317-000480,2025-03-21T14:25:17.440Z,INFO,RAIL_ROUTER,ROUTED_TO_RAIL,Payment routed to SCT_INST rail handler,
LOG-000277,gc-70a6c39d-17f5-651a-bb0241518e54,MER-PAY-20250317-000480,2025-03-21T14:25:17.491Z,INFO,CORE_CONNECTOR,PRECHECK_REQUESTED,Pre-submission balance and account check requested from T24 core,"{""call"":""T24.Payment.Precheck"",""account"":""NL23BUNQ01426520120""}"
LOG-000278,gc-70a6c39d-17f5-651a-bb0241518e54,MER-PAY-20250317-000480,2025-03-21T14:25:17.621Z,WARN,CORE_CONNECTOR,PRECHECK_RESPONSE_RECEIVED,T24 returned error code: SYS.ERROR,"{{""T24.Response"":{""status"":""ERROR"",""code"":"""",""detail"":null}}}"
LOG-000279,gc-70a6c39d-17f5-651a-bb0241518e54,MER-PAY-20250317-000480,2025-03-21T14:25:17.724Z,WARN,RESPONSE_HANDLER,CODE_TRANSLATION_MISSING,"No translation mapping found for T24 code ""SYS.ERROR"". Passing through raw.",
LOG-000280,gc-70a6c39d-17f5-651a-bb0241518e54,MER-PAY-20250317-000480,2025-03-21T14:25:17.789Z,INFO,RESPONSE_RETURNER,RETURNED_TO_CORE,Returning failure response to core,"{""paymentId"": ""MER-PAY-20250317-000480"", ""gcTransactionId"": ""gc-70a6c39d-17f5-651a-bb0241518e54"", ""instructionId"": ""GC-INSTR-D8F51336B08F9E56C51A"", ""endToEndId"": ""E2E-157205B42191AA299844C385"", ""status"": ""FAILED"", ""failedTimestamp"": ""2025-03-21T14:25:26.595Z"", ""errorCode"": ""SYS.ERROR"", ""errorMessage..."
LOG-000117,gc-74605c18-7e36-8332-38c825e6869e,MER-PAY-20250317-000190,2025-03-18T23:08:30.874Z,INFO,REQUEST_RECEIVER,RECEIVED_FROM_CORE,Payment initiation request received from T24 core for SWIFT,"{""paymentId"": ""MER-PAY-20250317-000190"", ""instructionId"": ""GC-INSTR-F05548847EBD967A0601"", ""endToEndId"": ""E2E-D646D964C9D0965AD4FE3078"", ""paymentMethod"": ""SWIFT"", ""debtor"": {""name"": ""Aisha Mensah"", ""a..."
LOG-000118,gc-74605c18-7e36-8332-38c825e6869e,MER-PAY-20250317-000190,2025-03-18T23:08:30.886Z,INFO,REQUEST_VALIDATOR,VALIDATION_PASSED,Request payload schema validation passed,
LOG-000119,gc-74605c18-7e36-8332-38c825e6869e,MER-PAY-20250317-000190,2025-03-18T23:08:30.909Z,INFO,RAIL_ROUTER,ROUTED_TO_RAIL,Payment routed to SWIFT rail handler,
LOG-000120,gc-74605c18-7e36-8332-38c825e6869e,MER-PAY-20250317-000190,2025-03-18T23:08:30.987Z,INFO,RAIL_SUBMITTER,SUBMITTED_TO_RAIL,Payment submitted to swift.gpi.network,"{""endpoint"":""swift.gpi.network"",""messageType"":""MT103""}"
LOG-000121,gc-74605c18-7e36-8332-38c825e6869e,MER-PAY-20250317-000190,2025-03-18T23:08:31.952Z,INFO,RAIL_SUBMITTER,RAIL_RESPONSE_RECEIVED,Received MT199 rejection from rail,"{""messageType"":""MT199"",""field72"":""/REJT/BE01"",""field11A"":""PAYMENT_REJECTED""}"
LOG-000122,gc-74605c18-7e36-8332-38c825e6869e,MER-PAY-20250317-000190,2025-03-18T23:08:31.982Z,INFO,RESPONSE_HANDLER,CODE_EXTRACTED,"Extracted reason code ""BE01"" from rail response",
LOG-000123,gc-74605c18-7e36-8332-38c825e6869e,MER-PAY-20250317-000190,2025-03-18T23:08:32.012Z,INFO,RESPONSE_RETURNER,RETURNED_TO_CORE,Returning scheme rejection to core,"{""paymentId"": ""MER-PAY-20250317-000190"", ""gcTransactionId"": ""gc-74605c18-7e36-8332-38c825e6869e"", ""instructionId"": ""GC-INSTR-F05548847EBD967A0601"", ""endToEndId"": ""E2E-D646D964C9D0965AD4FE3078"", ""status"": ""FAILED"", ""failedTimestamp"": ""2025-03-18T23:08:37.133Z"", ""railName"": ""SWIFT"", ""errorCode"": ""BE01..."
LOG-000267,gc-7bacecef-d099-9d3d-74b62c84d3e0,MER-PAY-20250317-000475,2025-03-21T12:41:19.527Z,INFO,REQUEST_RECEIVER,RECEIVED_FROM_CORE,Payment initiation request received from T24 core for SWIFT,"{""paymentId"": ""MER-PAY-20250317-000475"", ""instructionId"": ""GC-INSTR-9807006C545CC64BF321"", ""endToEndId"": ""E2E-7DDA0D527FFFAD8ECB4EDAA8"", ""paymentMethod"": ""SWIFT"", ""debtor"": {""name"": ""Pieter van den Be..."
LOG-000268,gc-7bacecef-d099-9d3d-74b62c84d3e0,MER-PAY-20250317-000475,2025-03-21T12:41:19.545Z,INFO,REQUEST_VALIDATOR,VALIDATION_PASSED,Request payload schema validation passed,
LOG-000269,gc-7bacecef-d099-9d3d-74b62c84d3e0,MER-PAY-20250317-000475,2025-03-21T12:41:19.558Z,INFO,RAIL_ROUTER,ROUTED_TO_RAIL,Payment routed to SWIFT rail handler,
LOG-000270,gc-7bacecef-d099-9d3d-74b62c84d3e0,MER-PAY-20250317-000475,2025-03-21T12:41:19.646Z,INFO,RAIL_SUBMITTER,SUBMITTED_TO_RAIL,Payment submitted to swift.gpi.network,"{""endpoint"":""swift.gpi.network"",""messageType"":""MT103""}"
LOG-000271,gc-7bacecef-d099-9d3d-74b62c84d3e0,MER-PAY-20250317-000475,2025-03-21T12:41:24.564Z,INFO,RAIL_SUBMITTER,RAIL_RESPONSE_RECEIVED,Received compliance hold notification from SWIFT,"{""messageType"":""MT199"",""status"":""PENDING"",""reason"":""COMPLIANCE_REVIEW"",""screeningHit"":""HOLD""}"
LOG-000272,gc-7bacecef-d099-9d3d-74b62c84d3e0,MER-PAY-20250317-000475,2025-03-21T12:41:24.624Z,WARN,RESPONSE_HANDLER,HOLD_STATE_NOT_MODELLED,"Response indicates HOLD state (not REJECT, not ACCEPT). v2.0 spec has no representation for HOLD. Mapping to FAILED.",
LOG-000273,gc-7bacecef-d099-9d3d-74b62c84d3e0,MER-PAY-20250317-000475,2025-03-21T12:41:24.674Z,INFO,RESPONSE_RETURNER,RETURNED_TO_CORE,Returning failure response - HOLD state communicated as FAILED due to v2.0 limitations,"{""paymentId"": ""MER-PAY-20250317-000475"", ""gcTransactionId"": ""gc-7bacecef-d099-9d3d-74b62c84d3e0"", ""instructionId"": ""GC-INSTR-9807006C545CC64BF321"", ""endToEndId"": ""E2E-7DDA0D527FFFAD8ECB4EDAA8"", ""status"": ""FAILED"", ""failedTimestamp"": ""2025-03-21T12:41:31.439Z"", ""railName"": ""SWIFT"", ""errorCode"": ""HOLD..."
LOG-000124,gc-842e3f84-13f4-a91a-9929e5e0d1fc,MER-PAY-20250317-000215,2025-03-19T04:56:04.509Z,INFO,REQUEST_RECEIVER,RECEIVED_FROM_CORE,Payment initiation request received from T24 core for SCT,"{""paymentId"": ""MER-PAY-20250317-000215"", ""instructionId"": ""GC-INSTR-43990E8A43C67B26752D"", ""endToEndId"": ""E2E-5F56C8131720FD6FEDEB32F7"", ""paymentMethod"": ""SCT"", ""debtor"": {""name"": ""Kasim Yilmaz"", ""acc..."
LOG-000125,gc-842e3f84-13f4-a91a-9929e5e0d1fc,MER-PAY-20250317-000215,2025-03-19T04:56:04.521Z,INFO,REQUEST_VALIDATOR,VALIDATION_PASSED,Request payload schema validation passed,
LOG-000126,gc-842e3f84-13f4-a91a-9929e5e0d1fc,MER-PAY-20250317-000215,2025-03-19T04:56:04.535Z,INFO,RAIL_ROUTER,ROUTED_TO_RAIL,Payment routed to SCT rail handler,
LOG-000127,gc-842e3f84-13f4-a91a-9929e5e0d1fc,MER-PAY-20250317-000215,2025-03-19T04:56:04.620Z,INFO,RAIL_SUBMITTER,SUBMITTED_TO_RAIL,Payment submitted to eba-clearing.step2-sct.eu,"{""endpoint"":""eba-clearing.step2-sct.eu"",""messageType"":""pacs.008""}"
LOG-000128,gc-842e3f84-13f4-a91a-9929e5e0d1fc,MER-PAY-20250317-000215,2025-03-19T04:56:07.713Z,INFO,RAIL_SUBMITTER,RAIL_RESPONSE_RECEIVED,Received pacs.002 rejection from rail,<Document><FIToFIPmtStsRpt><TxInfAndSts><StsRsnInf><Rsn><Cd>AM04</Cd></Rsn></StsRsnInf></TxInfAndSts></FIToFIPmtStsRpt></Document>
LOG-000129,gc-842e3f84-13f4-a91a-9929e5e0d1fc,MER-PAY-20250317-000215,2025-03-19T04:56:07.743Z,INFO,RESPONSE_HANDLER,CODE_EXTRACTED,"Extracted reason code ""AM04"" from rail response",
LOG-000130,gc-842e3f84-13f4-a91a-9929e5e0d1fc,MER-PAY-20250317-000215,2025-03-19T04:56:07.773Z,INFO,RESPONSE_RETURNER,RETURNED_TO_CORE,Returning scheme rejection to core,"{""paymentId"": ""MER-PAY-20250317-000215"", ""gcTransactionId"": ""gc-842e3f84-13f4-a91a-9929e5e0d1fc"", ""instructionId"": ""GC-INSTR-43990E8A43C67B26752D"", ""endToEndId"": ""E2E-5F56C8131720FD6FEDEB32F7"", ""status"": ""FAILED"", ""failedTimestamp"": ""2025-03-19T04:56:04.092Z"", ""railName"": ""SCT"", ""errorCode"": ""AM04"",..."
LOG-000211,gc-89b1cc96-1e99-3bf7-9e8c093de3bf,MER-PAY-20250317-000381,2025-03-20T16:17:17.479Z,INFO,REQUEST_RECEIVER,RECEIVED_FROM_CORE,Payment initiation request received from T24 core for SWIFT,"{""paymentId"": ""MER-PAY-20250317-000381"", ""instructionId"": ""GC-INSTR-BDFB1070D238D595D1A9"", ""endToEndId"": ""E2E-2F7203583995113C97BE3D72"", ""paymentMethod"": ""SWIFT"", ""debtor"": {""name"": ""Sophie de Boer"", ..."
LOG-000212,gc-89b1cc96-1e99-3bf7-9e8c093de3bf,MER-PAY-20250317-000381,2025-03-20T16:17:17.487Z,INFO,REQUEST_VALIDATOR,VALIDATION_PASSED,Request payload schema validation passed,
LOG-000213,gc-89b1cc96-1e99-3bf7-9e8c093de3bf,MER-PAY-20250317-000381,2025-03-20T16:17:17.524Z,INFO,RAIL_ROUTER,ROUTED_TO_RAIL,Payment routed to SWIFT rail handler,
LOG-000214,gc-89b1cc96-1e99-3bf7-9e8c093de3bf,MER-PAY-20250317-000381,2025-03-20T16:17:17.558Z,INFO,RAIL_SUBMITTER,SUBMITTED_TO_RAIL,Payment submitted to swift.gpi.network,"{""endpoint"":""swift.gpi.network"",""messageType"":""MT103""}"
LOG-000215,gc-89b1cc96-1e99-3bf7-9e8c093de3bf,MER-PAY-20250317-000381,2025-03-20T16:17:22.257Z,INFO,RAIL_SUBMITTER,RAIL_RESPONSE_RECEIVED,Received MT199 response from SWIFT network,"{""messageType"":""MT199"",""field72"":""/RTGS/REJECT"",""narrative"":""Downstream rejection - see field 79"",""field79"":""Rejected by beneficiary bank"",""field11A"":""""}"
LOG-000216,gc-89b1cc96-1e99-3bf7-9e8c093de3bf,MER-PAY-20250317-000381,2025-03-20T16:17:22.307Z,WARN,RESPONSE_HANDLER,NON_STANDARD_REJECTION,Rejection message lacks structured reason code. Free-text narrative present in field 79. No parser available for downstream correspondent rejections.,
LOG-000217,gc-89b1cc96-1e99-3bf7-9e8c093de3bf,MER-PAY-20250317-000381,2025-03-20T16:17:22.357Z,INFO,RESPONSE_RETURNER,RETURNED_TO_CORE,Returning generic PAYMENT_FAILED to core - downstream rejection without parseable detail,"{""paymentId"": ""MER-PAY-20250317-000381"", ""gcTransactionId"": ""gc-89b1cc96-1e99-3bf7-9e8c093de3bf"", ""instructionId"": ""GC-INSTR-BDFB1070D238D595D1A9"", ""endToEndId"": ""E2E-2F7203583995113C97BE3D72"", ""status"": ""FAILED"", ""failedTimestamp"": ""2025-03-20T16:17:23.448Z"", ""railName"": ""SWIFT"", ""errorCode"": ""PAYM..."
LOG-000225,gc-8ad50e49-f095-c6f1-e3068cafb36f,MER-PAY-20250317-000427,2025-03-21T03:42:58.589Z,INFO,REQUEST_RECEIVER,RECEIVED_FROM_CORE,Payment initiation request received from T24 core for SCT,"{""paymentId"": ""MER-PAY-20250317-000427"", ""instructionId"": ""GC-INSTR-E9A1E8A5B83A6B296D43"", ""endToEndId"": ""E2E-C957A8CFBA4A91F34C20F9C7"", ""paymentMethod"": ""SCT"", ""debtor"": {""name"": ""Kasim Yilmaz"", ""acc..."
LOG-000226,gc-8ad50e49-f095-c6f1-e3068cafb36f,MER-PAY-20250317-000427,2025-03-21T03:42:58.594Z,INFO,REQUEST_VALIDATOR,VALIDATION_PASSED,Request payload schema validation passed,
LOG-000227,gc-8ad50e49-f095-c6f1-e3068cafb36f,MER-PAY-20250317-000427,2025-03-21T03:42:58.633Z,INFO,RAIL_ROUTER,ROUTED_TO_RAIL,Payment routed to SCT rail handler,
LOG-000228,gc-8ad50e49-f095-c6f1-e3068cafb36f,MER-PAY-20250317-000427,2025-03-21T03:42:58.669Z,INFO,RAIL_SUBMITTER,SUBMITTED_TO_RAIL,Payment submitted to eba-clearing.step2-sct.eu,"{""endpoint"":""eba-clearing.step2-sct.eu"",""messageType"":""pacs.008""}"
LOG-000229,gc-8ad50e49-f095-c6f1-e3068cafb36f,MER-PAY-20250317-000427,2025-03-21T03:43:03.211Z,INFO,RAIL_SUBMITTER,RAIL_RESPONSE_RECEIVED,Received pacs.002 rejection from rail,<Document><FIToFIPmtStsRpt><TxInfAndSts><StsRsnInf><Rsn><Cd>AC04</Cd></Rsn></StsRsnInf></TxInfAndSts></FIToFIPmtStsRpt></Document>
LOG-000230,gc-8ad50e49-f095-c6f1-e3068cafb36f,MER-PAY-20250317-000427,2025-03-21T03:43:03.241Z,INFO,RESPONSE_HANDLER,CODE_EXTRACTED,"Extracted reason code ""AC04"" from rail response",
LOG-000231,gc-8ad50e49-f095-c6f1-e3068cafb36f,MER-PAY-20250317-000427,2025-03-21T03:43:03.271Z,INFO,RESPONSE_RETURNER,RETURNED_TO_CORE,Returning scheme rejection to core,"{""paymentId"": ""MER-PAY-20250317-000427"", ""gcTransactionId"": ""gc-8ad50e49-f095-c6f1-e3068cafb36f"", ""instructionId"": ""GC-INSTR-E9A1E8A5B83A6B296D43"", ""endToEndId"": ""E2E-C957A8CFBA4A91F34C20F9C7"", ""status"": ""FAILED"", ""failedTimestamp"": ""2025-03-21T03:43:01.735Z"", ""railName"": ""SCT"", ""errorCode"": ""AC04"",..."
LOG-000145,gc-92523e3f-5f7a-a73e-c2cc870a0b99,MER-PAY-20250317-000250,2025-03-19T15:18:22.501Z,INFO,REQUEST_RECEIVER,RECEIVED_FROM_CORE,Payment initiation request received from T24 core for SCT_INST,"{""paymentId"": ""MER-PAY-20250317-000250"", ""instructionId"": ""GC-INSTR-477AA28F6FF9746EF97A"", ""endToEndId"": ""E2E-7CEB7C2C56A3F02C6FE5258B"", ""paymentMethod"": ""SCT_INST"", ""debtor"": {""name"": ""Jan de Vries"",..."
LOG-000146,gc-92523e3f-5f7a-a73e-c2cc870a0b99,MER-PAY-20250317-000250,2025-03-19T15:18:22.510Z,INFO,REQUEST_VALIDATOR,VALIDATION_PASSED,Request payload schema validation passed,
LOG-000147,gc-92523e3f-5f7a-a73e-c2cc870a0b99,MER-PAY-20250317-000250,2025-03-19T15:18:22.534Z,INFO,RAIL_ROUTER,ROUTED_TO_RAIL,Payment routed to SCT_INST rail handler,
LOG-000148,gc-92523e3f-5f7a-a73e-c2cc870a0b99,MER-PAY-20250317-000250,2025-03-19T15:18:22.569Z,INFO,RAIL_SUBMITTER,SUBMITTED_TO_RAIL,Payment submitted to rt1.eba-clearing.eu,"{""endpoint"":""rt1.eba-clearing.eu"",""messageType"":""pacs.008""}"
LOG-000149,gc-92523e3f-5f7a-a73e-c2cc870a0b99,MER-PAY-20250317-000250,2025-03-19T15:18:32.727Z,ERROR,RAIL_SUBMITTER,RAIL_TIMEOUT,No response from rail within 10000ms timeout window,
LOG-000150,gc-92523e3f-5f7a-a73e-c2cc870a0b99,MER-PAY-20250317-000250,2025-03-19T15:18:33.194Z,ERROR,RESPONSE_HANDLER,UNHANDLED_EXCEPTION,java.net.SSLHandshakeException not caught by exception handler. Default empty response generated.,"{""exception"":""java.net.SSLHandshakeException"",""handler"":""none""}"
LOG-000151,gc-92523e3f-5f7a-a73e-c2cc870a0b99,MER-PAY-20250317-000250,2025-03-19T15:18:33.388Z,INFO,RESPONSE_RETURNER,RETURNED_TO_CORE,Returning timeout failure to core. Payment state cannot be confirmed.,"{""paymentId"": ""MER-PAY-20250317-000250"", ""gcTransactionId"": ""gc-92523e3f-5f7a-a73e-c2cc870a0b99"", ""instructionId"": ""GC-INSTR-477AA28F6FF9746EF97A"", ""endToEndId"": ""E2E-7CEB7C2C56A3F02C6FE5258B"", ""status"": ""FAILED"", ""failedTimestamp"": ""2025-03-19T15:18:25.327Z"", ""errorCode"": """", ""errorMessage"": """"}"
LOG-000253,gc-94285118-0bb5-0ea0-0069dc080d79,MER-PAY-20250317-000457,2025-03-21T08:01:16.802Z,INFO,REQUEST_RECEIVER,RECEIVED_FROM_CORE,Payment initiation request received from T24 core for SCT,"{""paymentId"": ""MER-PAY-20250317-000457"", ""instructionId"": ""GC-INSTR-6A6E374FA7E7E34BF642"", ""endToEndId"": ""E2E-B6406EDF2A36E77F75A283B9"", ""paymentMethod"": ""SCT"", ""debtor"": {""name"": ""Rajesh Kumar"", ""acc..."
LOG-000254,gc-94285118-0bb5-0ea0-0069dc080d79,MER-PAY-20250317-000457,2025-03-21T08:01:16.809Z,INFO,REQUEST_VALIDATOR,VALIDATION_PASSED,Request payload schema validation passed,
LOG-000255,gc-94285118-0bb5-0ea0-0069dc080d79,MER-PAY-20250317-000457,2025-03-21T08:01:16.844Z,INFO,RAIL_ROUTER,ROUTED_TO_RAIL,Payment routed to SCT rail handler,
LOG-000256,gc-94285118-0bb5-0ea0-0069dc080d79,MER-PAY-20250317-000457,2025-03-21T08:01:16.911Z,INFO,RAIL_SUBMITTER,SUBMITTED_TO_RAIL,Payment submitted to eba-clearing.step2-sct.eu,"{""endpoint"":""eba-clearing.step2-sct.eu"",""messageType"":""pacs.008""}"
LOG-000257,gc-94285118-0bb5-0ea0-0069dc080d79,MER-PAY-20250317-000457,2025-03-21T08:01:18.452Z,INFO,RAIL_SUBMITTER,RAIL_RESPONSE_RECEIVED,Received pacs.002 rejection from rail,<Document><FIToFIPmtStsRpt><TxInfAndSts><StsRsnInf><Rsn><Cd>PAYMENT_FAILED</Cd></Rsn></StsRsnInf></TxInfAndSts></FIToFIPmtStsRpt></Document>
LOG-000258,gc-94285118-0bb5-0ea0-0069dc080d79,MER-PAY-20250317-000457,2025-03-21T08:01:18.482Z,WARN,RESPONSE_HANDLER,NON_SPECIFIC_REJECTION,"Rail returned reason code ""PAYMENT_FAILED"" indicating non-specific rejection. No further detail available.",
LOG-000259,gc-94285118-0bb5-0ea0-0069dc080d79,MER-PAY-20250317-000457,2025-03-21T08:01:18.512Z,INFO,RESPONSE_RETURNER,RETURNED_TO_CORE,Returning scheme rejection to core,"{""paymentId"": ""MER-PAY-20250317-000457"", ""gcTransactionId"": ""gc-94285118-0bb5-0ea0-0069dc080d79"", ""instructionId"": ""GC-INSTR-6A6E374FA7E7E34BF642"", ""endToEndId"": ""E2E-B6406EDF2A36E77F75A283B9"", ""status"": ""FAILED"", ""failedTimestamp"": ""2025-03-21T08:01:26.372Z"", ""railName"": ""SCT"", ""errorCode"": ""PAYMEN..."
LOG-000032,gc-958a1d6d-e4f6-a84f-d3de602a2383,MER-PAY-20250317-000032,2025-03-17T14:55:34.521Z,INFO,REQUEST_RECEIVER,RECEIVED_FROM_CORE,Payment initiation request received from T24 core for SCT_INST,"{""paymentId"": ""MER-PAY-20250317-000032"", ""instructionId"": ""GC-INSTR-44D7CA072803AFABD618"", ""endToEndId"": ""E2E-3331C4954C2EDB4C20C8A85A"", ""paymentMethod"": ""SCT_INST"", ""debtor"": {""name"": ""Eva Peters"", ""..."
LOG-000033,gc-958a1d6d-e4f6-a84f-d3de602a2383,MER-PAY-20250317-000032,2025-03-17T14:55:34.534Z,INFO,REQUEST_VALIDATOR,VALIDATION_PASSED,Request payload schema validation passed,
LOG-000034,gc-958a1d6d-e4f6-a84f-d3de602a2383,MER-PAY-20250317-000032,2025-03-17T14:55:34.546Z,INFO,RAIL_ROUTER,ROUTED_TO_RAIL,Payment routed to SCT_INST rail handler,
LOG-000035,gc-958a1d6d-e4f6-a84f-d3de602a2383,MER-PAY-20250317-000032,2025-03-17T14:55:34.629Z,INFO,RAIL_SUBMITTER,SUBMITTED_TO_RAIL,Payment submitted to rt1.eba-clearing.eu,"{""endpoint"":""rt1.eba-clearing.eu"",""messageType"":""pacs.008""}"
LOG-000036,gc-958a1d6d-e4f6-a84f-d3de602a2383,MER-PAY-20250317-000032,2025-03-17T14:55:35.494Z,INFO,RAIL_SUBMITTER,RAIL_RESPONSE_RECEIVED,Received pacs.002 rejection from rail,<Document><FIToFIPmtStsRpt><TxInfAndSts><StsRsnInf><Rsn><Cd>PAYMENT_FAILED</Cd></Rsn></StsRsnInf></TxInfAndSts></FIToFIPmtStsRpt></Document>
LOG-000037,gc-958a1d6d-e4f6-a84f-d3de602a2383,MER-PAY-20250317-000032,2025-03-17T14:55:35.524Z,WARN,RESPONSE_HANDLER,NON_SPECIFIC_REJECTION,"Rail returned reason code ""PAYMENT_FAILED"" indicating non-specific rejection. No further detail available.",
LOG-000038,gc-958a1d6d-e4f6-a84f-d3de602a2383,MER-PAY-20250317-000032,2025-03-17T14:55:35.554Z,INFO,RESPONSE_RETURNER,RETURNED_TO_CORE,Returning scheme rejection to core,"{""paymentId"": ""MER-PAY-20250317-000032"", ""gcTransactionId"": ""gc-958a1d6d-e4f6-a84f-d3de602a2383"", ""instructionId"": ""GC-INSTR-44D7CA072803AFABD618"", ""endToEndId"": ""E2E-3331C4954C2EDB4C20C8A85A"", ""status"": ""FAILED"", ""failedTimestamp"": ""2025-03-17T14:55:44.880Z"", ""railName"": ""SCT_INST"", ""errorCode"": ""P..."
LOG-000048,gc-98aac6a3-5d58-afed-b8ee6f279bc2,MER-PAY-20250317-000092,2025-03-18T04:22:45.111Z,INFO,REQUEST_RECEIVER,RECEIVED_FROM_CORE,Payment initiation request received from T24 core for SCT_INST,"{""paymentId"": ""MER-PAY-20250317-000092"", ""instructionId"": ""GC-INSTR-316EB8FB702985EAD4D6"", ""endToEndId"": ""E2E-90D7B591145FD0F07BB5360C"", ""paymentMethod"": ""SCT_INST"", ""debtor"": {""name"": ""Rajesh Kumar"",..."
LOG-000049,gc-98aac6a3-5d58-afed-b8ee6f279bc2,MER-PAY-20250317-000092,2025-03-18T04:22:45.119Z,INFO,REQUEST_VALIDATOR,VALIDATION_PASSED,Request payload schema validation passed,
LOG-000050,gc-98aac6a3-5d58-afed-b8ee6f279bc2,MER-PAY-20250317-000092,2025-03-18T04:22:45.138Z,INFO,RAIL_ROUTER,ROUTED_TO_RAIL,Payment routed to SCT_INST rail handler,
LOG-000051,gc-98aac6a3-5d58-afed-b8ee6f279bc2,MER-PAY-20250317-000092,2025-03-18T04:22:45.195Z,INFO,CORE_CONNECTOR,PRECHECK_REQUESTED,Pre-submission balance and account check requested from T24 core,"{""call"":""T24.Payment.Precheck"",""account"":""NL41RABO05371473204""}"
LOG-000052,gc-98aac6a3-5d58-afed-b8ee6f279bc2,MER-PAY-20250317-000092,2025-03-18T04:22:45.255Z,WARN,CORE_CONNECTOR,PRECHECK_RESPONSE_RECEIVED,T24 returned error code: AC.BLOCKED,"{""T24.Response"":{""status"":""REJECT"",""code"":""AC.BLOCKED"",""module"":""FT""}}"
LOG-000053,gc-98aac6a3-5d58-afed-b8ee6f279bc2,MER-PAY-20250317-000092,2025-03-18T04:22:45.423Z,WARN,RESPONSE_HANDLER,CODE_TRANSLATION_MISSING,"No translation mapping found for T24 code ""AC.BLOCKED"". Passing through raw.",
LOG-000054,gc-98aac6a3-5d58-afed-b8ee6f279bc2,MER-PAY-20250317-000092,2025-03-18T04:22:45.483Z,INFO,RESPONSE_RETURNER,RETURNED_TO_CORE,Returning failure response to core,"{""paymentId"": ""MER-PAY-20250317-000092"", ""gcTransactionId"": ""gc-98aac6a3-5d58-afed-b8ee6f279bc2"", ""instructionId"": ""GC-INSTR-316EB8FB702985EAD4D6"", ""endToEndId"": ""E2E-90D7B591145FD0F07BB5360C"", ""status"": ""FAILED"", ""failedTimestamp"": ""2025-03-18T04:22:51.562Z"", ""railName"": ""SCT_INST"", ""errorCode"": ""A..."
LOG-000025,gc-9dc8f553-3464-e352-e7d67bb67636,MER-PAY-20250317-000028,2025-03-17T13:40:42.062Z,INFO,REQUEST_RECEIVER,RECEIVED_FROM_CORE,Payment initiation request received from T24 core for SCT,"{""paymentId"": ""MER-PAY-20250317-000028"", ""instructionId"": ""GC-INSTR-D12EB1C179B53FC54170"", ""endToEndId"": ""E2E-C6D5FD6D4F1A67F4A523922B"", ""paymentMethod"": ""SCT"", ""debtor"": {""name"": ""Lars Mulder"", ""acco..."
LOG-000026,gc-9dc8f553-3464-e352-e7d67bb67636,MER-PAY-20250317-000028,2025-03-17T13:40:42.073Z,INFO,REQUEST_VALIDATOR,VALIDATION_PASSED,Request payload schema validation passed,
LOG-000027,gc-9dc8f553-3464-e352-e7d67bb67636,MER-PAY-20250317-000028,2025-03-17T13:40:42.107Z,INFO,RAIL_ROUTER,ROUTED_TO_RAIL,Payment routed to SCT rail handler,
LOG-000028,gc-9dc8f553-3464-e352-e7d67bb67636,MER-PAY-20250317-000028,2025-03-17T13:40:42.156Z,INFO,CORE_CONNECTOR,PRECHECK_REQUESTED,Pre-submission balance and account check requested from T24 core,"{""call"":""T24.Payment.Precheck"",""account"":""NL95KNAB04596262282""}"
LOG-000029,gc-9dc8f553-3464-e352-e7d67bb67636,MER-PAY-20250317-000028,2025-03-17T13:40:42.289Z,WARN,CORE_CONNECTOR,PRECHECK_RESPONSE_RECEIVED,T24 returned error code: AC.BLOCKED,"{""T24.Response"":{""status"":""REJECT"",""code"":""AC.BLOCKED"",""module"":""FT""}}"
LOG-000030,gc-9dc8f553-3464-e352-e7d67bb67636,MER-PAY-20250317-000028,2025-03-17T13:40:42.366Z,WARN,RESPONSE_HANDLER,CODE_TRANSLATION_MISSING,"No translation mapping found for T24 code ""AC.BLOCKED"". Passing through raw.",
LOG-000031,gc-9dc8f553-3464-e352-e7d67bb67636,MER-PAY-20250317-000028,2025-03-17T13:40:42.440Z,INFO,RESPONSE_RETURNER,RETURNED_TO_CORE,Returning failure response to core,"{""paymentId"": ""MER-PAY-20250317-000028"", ""gcTransactionId"": ""gc-9dc8f553-3464-e352-e7d67bb67636"", ""instructionId"": ""GC-INSTR-D12EB1C179B53FC54170"", ""endToEndId"": ""E2E-C6D5FD6D4F1A67F4A523922B"", ""status"": ""FAILED"", ""failedTimestamp"": ""2025-03-17T13:40:51.821Z"", ""errorCode"": ""AC.BLOCKED"", ""errorMessag..."
LOG-000239,gc-aef0d57c-3ef5-b204-084188e64077,MER-PAY-20250317-000450,2025-03-21T07:34:42.113Z,INFO,REQUEST_RECEIVER,RECEIVED_FROM_CORE,Payment initiation request received from T24 core for SWIFT,"{""paymentId"": ""MER-PAY-20250317-000450"", ""instructionId"": ""GC-INSTR-5051F1035770D7CFA0D6"", ""endToEndId"": ""E2E-E64351D4D3D5C5D827069229"", ""paymentMethod"": ""SWIFT"", ""debtor"": {""name"": ""Thijs Hendriks"", ..."
LOG-000240,gc-aef0d57c-3ef5-b204-084188e64077,MER-PAY-20250317-000450,2025-03-21T07:34:42.127Z,INFO,REQUEST_VALIDATOR,VALIDATION_PASSED,Request payload schema validation passed,
LOG-000241,gc-aef0d57c-3ef5-b204-084188e64077,MER-PAY-20250317-000450,2025-03-21T07:34:42.145Z,INFO,RAIL_ROUTER,ROUTED_TO_RAIL,Payment routed to SWIFT rail handler,
LOG-000242,gc-aef0d57c-3ef5-b204-084188e64077,MER-PAY-20250317-000450,2025-03-21T07:34:42.176Z,INFO,RAIL_SUBMITTER,SUBMITTED_TO_RAIL,Payment submitted to swift.gpi.network,"{""endpoint"":""swift.gpi.network"",""messageType"":""MT103""}"
LOG-000243,gc-aef0d57c-3ef5-b204-084188e64077,MER-PAY-20250317-000450,2025-03-21T07:34:44.706Z,INFO,RAIL_SUBMITTER,RAIL_RESPONSE_RECEIVED,Received MT199 response from SWIFT network,"{""messageType"":""MT199"",""field72"":""/RTGS/REJECT"",""narrative"":""Downstream rejection - see field 79"",""field79"":""Rejected by beneficiary bank"",""field11A"":""""}"
LOG-000244,gc-aef0d57c-3ef5-b204-084188e64077,MER-PAY-20250317-000450,2025-03-21T07:34:44.756Z,WARN,RESPONSE_HANDLER,NON_STANDARD_REJECTION,Rejection message lacks structured reason code. Free-text narrative present in field 79. No parser available for downstream correspondent rejections.,
LOG-000245,gc-aef0d57c-3ef5-b204-084188e64077,MER-PAY-20250317-000450,2025-03-21T07:34:44.806Z,INFO,RESPONSE_RETURNER,RETURNED_TO_CORE,Returning generic PAYMENT_FAILED to core - downstream rejection without parseable detail,"{""paymentId"": ""MER-PAY-20250317-000450"", ""gcTransactionId"": ""gc-aef0d57c-3ef5-b204-084188e64077"", ""instructionId"": ""GC-INSTR-5051F1035770D7CFA0D6"", ""endToEndId"": ""E2E-E64351D4D3D5C5D827069229"", ""status"": ""FAILED"", ""failedTimestamp"": ""2025-03-21T07:34:48.397Z"", ""railName"": ""SWIFT"", ""errorCode"": ""PAYM..."
LOG-000288,gc-b2578fff-2de8-2ac3-b8c98088bf22,MER-PAY-20250317-000499,2025-03-21T17:43:42.757Z,INFO,REQUEST_RECEIVER,RECEIVED_FROM_CORE,Payment initiation request received from T24 core for SCT,"{""paymentId"": ""MER-PAY-20250317-000499"", ""instructionId"": ""GC-INSTR-AAD3EB8F630F668675B4"", ""endToEndId"": ""E2E-1BA3B91C272FFF6269353F26"", ""paymentMethod"": ""SCT"", ""debtor"": {""name"": ""Hendrik Visser"", ""a..."
LOG-000289,gc-b2578fff-2de8-2ac3-b8c98088bf22,MER-PAY-20250317-000499,2025-03-21T17:43:42.762Z,INFO,REQUEST_VALIDATOR,VALIDATION_PASSED,Request payload schema validation passed,
LOG-000290,gc-b2578fff-2de8-2ac3-b8c98088bf22,MER-PAY-20250317-000499,2025-03-21T17:43:42.800Z,INFO,RAIL_ROUTER,ROUTED_TO_RAIL,Payment routed to SCT rail handler,
LOG-000291,gc-b2578fff-2de8-2ac3-b8c98088bf22,MER-PAY-20250317-000499,2025-03-21T17:43:42.852Z,INFO,RAIL_SUBMITTER,SUBMITTED_TO_RAIL,Payment submitted to eba-clearing.step2-sct.eu,"{""endpoint"":""eba-clearing.step2-sct.eu"",""messageType"":""pacs.008""}"
LOG-000292,gc-b2578fff-2de8-2ac3-b8c98088bf22,MER-PAY-20250317-000499,2025-03-21T17:43:45.262Z,INFO,RAIL_SUBMITTER,RAIL_RESPONSE_RECEIVED,Received pacs.002 rejection from rail,<Document><FIToFIPmtStsRpt><TxInfAndSts><StsRsnInf><Rsn><Cd>PAYMENT_FAILED</Cd></Rsn></StsRsnInf></TxInfAndSts></FIToFIPmtStsRpt></Document>
LOG-000293,gc-b2578fff-2de8-2ac3-b8c98088bf22,MER-PAY-20250317-000499,2025-03-21T17:43:45.292Z,WARN,RESPONSE_HANDLER,NON_SPECIFIC_REJECTION,"Rail returned reason code ""PAYMENT_FAILED"" indicating non-specific rejection. No further detail available.",
LOG-000294,gc-b2578fff-2de8-2ac3-b8c98088bf22,MER-PAY-20250317-000499,2025-03-21T17:43:45.322Z,INFO,RESPONSE_RETURNER,RETURNED_TO_CORE,Returning scheme rejection to core,"{""paymentId"": ""MER-PAY-20250317-000499"", ""gcTransactionId"": ""gc-b2578fff-2de8-2ac3-b8c98088bf22"", ""instructionId"": ""GC-INSTR-AAD3EB8F630F668675B4"", ""endToEndId"": ""E2E-1BA3B91C272FFF6269353F26"", ""status"": ""FAILED"", ""failedTimestamp"": ""2025-03-21T17:43:52.967Z"", ""railName"": ""SCT"", ""errorCode"": ""PAYMEN..."
LOG-000166,gc-bf08264f-b8af-f4bf-aea06b6b6da3,MER-PAY-20250317-000318,2025-03-20T03:17:50.633Z,INFO,REQUEST_RECEIVER,RECEIVED_FROM_CORE,Payment initiation request received from T24 core for SCT_INST,"{""paymentId"": ""MER-PAY-20250317-000318"", ""instructionId"": ""GC-INSTR-741CCC87FA601C750120"", ""endToEndId"": ""E2E-B36040E78C8CF832E061B945"", ""paymentMethod"": ""SCT_INST"", ""debtor"": {""name"": ""Kasim Yilmaz"",..."
LOG-000167,gc-bf08264f-b8af-f4bf-aea06b6b6da3,MER-PAY-20250317-000318,2025-03-20T03:17:50.640Z,INFO,REQUEST_VALIDATOR,VALIDATION_PASSED,Request payload schema validation passed,
LOG-000168,gc-bf08264f-b8af-f4bf-aea06b6b6da3,MER-PAY-20250317-000318,2025-03-20T03:17:50.659Z,INFO,RAIL_ROUTER,ROUTED_TO_RAIL,Payment routed to SCT_INST rail handler,
LOG-000169,gc-bf08264f-b8af-f4bf-aea06b6b6da3,MER-PAY-20250317-000318,2025-03-20T03:17:50.748Z,INFO,RAIL_SUBMITTER,SUBMITTED_TO_RAIL,Payment submitted to rt1.eba-clearing.eu,"{""endpoint"":""rt1.eba-clearing.eu"",""messageType"":""pacs.008""}"
LOG-000170,gc-bf08264f-b8af-f4bf-aea06b6b6da3,MER-PAY-20250317-000318,2025-03-20T03:18:00.789Z,ERROR,RAIL_SUBMITTER,RAIL_TIMEOUT,No response from rail within 10000ms timeout window,
LOG-000171,gc-bf08264f-b8af-f4bf-aea06b6b6da3,MER-PAY-20250317-000318,2025-03-20T03:18:01.222Z,WARN,RESPONSE_HANDLER,GENERIC_TIMEOUT_FALLBACK,java.net.SocketTimeoutException caught. Returning generic TIMEOUT response. paymentState UNKNOWN.,"{{""exception"":""java.net.SocketTimeoutException"",""fallback"":""TIMEOUT""}}"
LOG-000172,gc-bf08264f-b8af-f4bf-aea06b6b6da3,MER-PAY-20250317-000318,2025-03-20T03:18:01.423Z,INFO,RESPONSE_RETURNER,RETURNED_TO_CORE,Returning timeout failure to core. Payment state cannot be confirmed.,"{""paymentId"": ""MER-PAY-20250317-000318"", ""gcTransactionId"": ""gc-bf08264f-b8af-f4bf-aea06b6b6da3"", ""instructionId"": ""GC-INSTR-741CCC87FA601C750120"", ""endToEndId"": ""E2E-B36040E78C8CF832E061B945"", ""status"": ""FAILED"", ""failedTimestamp"": ""2025-03-20T03:17:57.781Z"", ""errorCode"": ""TIMEOUT"", ""errorMessage"":..."
LOG-000072,gc-cb7bdc99-c30a-188c-882ef0d52d89,MER-PAY-20250317-000139,2025-03-18T14:18:54.594Z,INFO,REQUEST_RECEIVER,RECEIVED_FROM_CORE,Payment initiation request received from T24 core for SWIFT,"{""paymentId"": ""MER-PAY-20250317-000139"", ""instructionId"": ""GC-INSTR-80D88DA9C86CB074D25B"", ""endToEndId"": ""E2E-A03218A78D09DA05FE06EEEF"", ""paymentMethod"": ""SWIFT"", ""debtor"": {""name"": ""Kasim Yilmaz"", ""a..."
LOG-000073,gc-cb7bdc99-c30a-188c-882ef0d52d89,MER-PAY-20250317-000139,2025-03-18T14:18:54.610Z,ERROR,REQUEST_VALIDATOR,VALIDATION_FAILED,purposeCode required for SWIFT cross-border but not provided,"{""validationRule"":""MISSING_PURPOSE_CODE""}"
LOG-000074,gc-cb7bdc99-c30a-188c-882ef0d52d89,MER-PAY-20250317-000139,2025-03-18T14:18:54.625Z,INFO,RESPONSE_RETURNER,RETURNED_TO_CORE,Returning validation failure to core: MISSING_PURPOSE_CODE,"{""paymentId"": ""MER-PAY-20250317-000139"", ""gcTransactionId"": ""gc-cb7bdc99-c30a-188c-882ef0d52d89"", ""instructionId"": ""GC-INSTR-80D88DA9C86CB074D25B"", ""endToEndId"": ""E2E-A03218A78D09DA05FE06EEEF"", ""statu..."
LOG-000138,gc-ccdfc4f6-6f8f-1f22-c2aafa482e33,MER-PAY-20250317-000241,2025-03-19T13:32:31.420Z,INFO,REQUEST_RECEIVER,RECEIVED_FROM_CORE,Payment initiation request received from T24 core for SCT_INST,"{""paymentId"": ""MER-PAY-20250317-000241"", ""instructionId"": ""GC-INSTR-784FA1874E8580459AE5"", ""endToEndId"": ""E2E-CAAAC5C880E5D26BA4493637"", ""paymentMethod"": ""SCT_INST"", ""debtor"": {""name"": ""Fatima El Amra..."
LOG-000139,gc-ccdfc4f6-6f8f-1f22-c2aafa482e33,MER-PAY-20250317-000241,2025-03-19T13:32:31.435Z,INFO,REQUEST_VALIDATOR,VALIDATION_PASSED,Request payload schema validation passed,
LOG-000140,gc-ccdfc4f6-6f8f-1f22-c2aafa482e33,MER-PAY-20250317-000241,2025-03-19T13:32:31.451Z,INFO,RAIL_ROUTER,ROUTED_TO_RAIL,Payment routed to SCT_INST rail handler,
LOG-000141,gc-ccdfc4f6-6f8f-1f22-c2aafa482e33,MER-PAY-20250317-000241,2025-03-19T13:32:31.511Z,INFO,CORE_CONNECTOR,PRECHECK_REQUESTED,Pre-submission balance and account check requested from T24 core,"{""call"":""T24.Payment.Precheck"",""account"":""NL65RABO03442004218""}"
LOG-000142,gc-ccdfc4f6-6f8f-1f22-c2aafa482e33,MER-PAY-20250317-000241,2025-03-19T13:32:31.641Z,WARN,CORE_CONNECTOR,PRECHECK_RESPONSE_RECEIVED,T24 returned error code: LIMIT.EXCEEDED,"{""T24.Response"":{""status"":""REJECT"",""code"":""LIMIT.EXCEEDED"",""module"":""FT""}}"
LOG-000143,gc-ccdfc4f6-6f8f-1f22-c2aafa482e33,MER-PAY-20250317-000241,2025-03-19T13:32:31.751Z,WARN,RESPONSE_HANDLER,CODE_TRANSLATION_MISSING,"No translation mapping found for T24 code ""LIMIT.EXCEEDED"". Passing through raw.",
LOG-000144,gc-ccdfc4f6-6f8f-1f22-c2aafa482e33,MER-PAY-20250317-000241,2025-03-19T13:32:31.799Z,INFO,RESPONSE_RETURNER,RETURNED_TO_CORE,Returning failure response to core,"{""paymentId"": ""MER-PAY-20250317-000241"", ""gcTransactionId"": ""gc-ccdfc4f6-6f8f-1f22-c2aafa482e33"", ""instructionId"": ""GC-INSTR-784FA1874E8580459AE5"", ""endToEndId"": ""E2E-CAAAC5C880E5D26BA4493637"", ""status"": ""FAILED"", ""failedTimestamp"": ""2025-03-19T13:32:33.261Z"", ""errorCode"": ""LIMIT.EXCEEDED"", ""errorMe..."
LOG-000246,gc-d0e569dc-6a1f-3fc4-506861a7ca23,MER-PAY-20250317-000452,2025-03-21T07:38:57.303Z,INFO,REQUEST_RECEIVER,RECEIVED_FROM_CORE,Payment initiation request received from T24 core for SCT_INST,"{""paymentId"": ""MER-PAY-20250317-000452"", ""instructionId"": ""GC-INSTR-84B03E087347A8E2035B"", ""endToEndId"": ""E2E-0A7B9059BC420FF92CB9AC96"", ""paymentMethod"": ""SCT_INST"", ""debtor"": {""name"": ""Rajesh Kumar"",..."
LOG-000247,gc-d0e569dc-6a1f-3fc4-506861a7ca23,MER-PAY-20250317-000452,2025-03-21T07:38:57.310Z,INFO,REQUEST_VALIDATOR,VALIDATION_PASSED,Request payload schema validation passed,
LOG-000248,gc-d0e569dc-6a1f-3fc4-506861a7ca23,MER-PAY-20250317-000452,2025-03-21T07:38:57.330Z,INFO,RAIL_ROUTER,ROUTED_TO_RAIL,Payment routed to SCT_INST rail handler,
LOG-000249,gc-d0e569dc-6a1f-3fc4-506861a7ca23,MER-PAY-20250317-000452,2025-03-21T07:38:57.409Z,INFO,RAIL_SUBMITTER,SUBMITTED_TO_RAIL,Payment submitted to rt1.eba-clearing.eu,"{""endpoint"":""rt1.eba-clearing.eu"",""messageType"":""pacs.008""}"
LOG-000250,gc-d0e569dc-6a1f-3fc4-506861a7ca23,MER-PAY-20250317-000452,2025-03-21T07:38:59.613Z,INFO,RAIL_SUBMITTER,RAIL_RESPONSE_RECEIVED,Received pacs.002 rejection from rail,<Document><FIToFIPmtStsRpt><TxInfAndSts><StsRsnInf><Rsn><Cd>AM04</Cd></Rsn></StsRsnInf></TxInfAndSts></FIToFIPmtStsRpt></Document>
LOG-000251,gc-d0e569dc-6a1f-3fc4-506861a7ca23,MER-PAY-20250317-000452,2025-03-21T07:38:59.643Z,INFO,RESPONSE_HANDLER,CODE_EXTRACTED,"Extracted reason code ""AM04"" from rail response",
LOG-000252,gc-d0e569dc-6a1f-3fc4-506861a7ca23,MER-PAY-20250317-000452,2025-03-21T07:38:59.673Z,INFO,RESPONSE_RETURNER,RETURNED_TO_CORE,Returning scheme rejection to core,"{""paymentId"": ""MER-PAY-20250317-000452"", ""gcTransactionId"": ""gc-d0e569dc-6a1f-3fc4-506861a7ca23"", ""instructionId"": ""GC-INSTR-84B03E087347A8E2035B"", ""endToEndId"": ""E2E-0A7B9059BC420FF92CB9AC96"", ""status"": ""FAILED"", ""failedTimestamp"": ""2025-03-21T07:39:06.657Z"", ""railName"": ""SCT_INST"", ""errorCode"": ""A..."
LOG-000190,gc-d9878ce7-ca57-201e-5b8237782546,MER-PAY-20250317-000364,2025-03-20T12:40:54.038Z,INFO,REQUEST_RECEIVER,RECEIVED_FROM_CORE,Payment initiation request received from T24 core for SCT,"{""paymentId"": ""MER-PAY-20250317-000364"", ""instructionId"": ""GC-INSTR-59CA11A4BAED5925FB69"", ""endToEndId"": ""E2E-F46CDADBA8A65523F7321D1C"", ""paymentMethod"": ""SCT"", ""debtor"": {""name"": ""Hendrik Visser"", ""a..."
LOG-000191,gc-d9878ce7-ca57-201e-5b8237782546,MER-PAY-20250317-000364,2025-03-20T12:40:54.051Z,INFO,REQUEST_VALIDATOR,VALIDATION_PASSED,Request payload schema validation passed,
LOG-000192,gc-d9878ce7-ca57-201e-5b8237782546,MER-PAY-20250317-000364,2025-03-20T12:40:54.083Z,INFO,RAIL_ROUTER,ROUTED_TO_RAIL,Payment routed to SCT rail handler,
LOG-000193,gc-d9878ce7-ca57-201e-5b8237782546,MER-PAY-20250317-000364,2025-03-20T12:40:54.119Z,INFO,RAIL_SUBMITTER,SUBMITTED_TO_RAIL,Payment submitted to eba-clearing.step2-sct.eu,"{""endpoint"":""eba-clearing.step2-sct.eu"",""messageType"":""pacs.008""}"
LOG-000194,gc-d9878ce7-ca57-201e-5b8237782546,MER-PAY-20250317-000364,2025-03-20T12:40:55.571Z,INFO,RAIL_SUBMITTER,RAIL_RESPONSE_RECEIVED,Received pacs.002 rejection from rail,<Document><FIToFIPmtStsRpt><TxInfAndSts><StsRsnInf><Rsn><Cd>AC04</Cd></Rsn></StsRsnInf></TxInfAndSts></FIToFIPmtStsRpt></Document>
LOG-000195,gc-d9878ce7-ca57-201e-5b8237782546,MER-PAY-20250317-000364,2025-03-20T12:40:55.601Z,INFO,RESPONSE_HANDLER,CODE_EXTRACTED,"Extracted reason code ""AC04"" from rail response",
LOG-000196,gc-d9878ce7-ca57-201e-5b8237782546,MER-PAY-20250317-000364,2025-03-20T12:40:55.631Z,INFO,RESPONSE_RETURNER,RETURNED_TO_CORE,Returning scheme rejection to core,"{""paymentId"": ""MER-PAY-20250317-000364"", ""gcTransactionId"": ""gc-d9878ce7-ca57-201e-5b8237782546"", ""instructionId"": ""GC-INSTR-59CA11A4BAED5925FB69"", ""endToEndId"": ""E2E-F46CDADBA8A65523F7321D1C"", ""status"": ""FAILED"", ""failedTimestamp"": ""2025-03-20T12:41:04.344Z"", ""railName"": ""SCT"", ""errorCode"": ""AC04"",..."
LOG-000187,gc-e12ec365-9f30-938c-50cddfe317a1,MER-PAY-20250317-000347,2025-03-20T09:04:29.525Z,INFO,REQUEST_RECEIVER,RECEIVED_FROM_CORE,Payment initiation request received from T24 core for SCT,"{""paymentId"": ""MER-PAY-20250317-000347"", ""instructionId"": ""GC-INSTR-8CA87755BB746E9033D6"", ""endToEndId"": ""E2E-4E9E582175979676C5623A51"", ""paymentMethod"": ""SCT"", ""debtor"": {""name"": ""Pieter van den Berg..."
LOG-000188,gc-e12ec365-9f30-938c-50cddfe317a1,MER-PAY-20250317-000347,2025-03-20T09:04:29.530Z,ERROR,REQUEST_VALIDATOR,VALIDATION_FAILED,remittanceInfo field is null but required for selected routing,"{""validationRule"":""MISSING_REMITTANCE""}"
LOG-000189,gc-e12ec365-9f30-938c-50cddfe317a1,MER-PAY-20250317-000347,2025-03-20T09:04:29.553Z,INFO,RESPONSE_RETURNER,RETURNED_TO_CORE,Returning validation failure to core: MISSING_REMITTANCE,"{""paymentId"": ""MER-PAY-20250317-000347"", ""gcTransactionId"": ""gc-e12ec365-9f30-938c-50cddfe317a1"", ""instructionId"": ""GC-INSTR-8CA87755BB746E9033D6"", ""endToEndId"": ""E2E-4E9E582175979676C5623A51"", ""statu..."
LOG-000152,gc-e1dcd18e-86ec-99c1-eab0511dc3e6,MER-PAY-20250317-000258,2025-03-19T16:07:17.158Z,INFO,REQUEST_RECEIVER,RECEIVED_FROM_CORE,Payment initiation request received from T24 core for SCT_INST,"{""paymentId"": ""MER-PAY-20250317-000258"", ""instructionId"": ""GC-INSTR-78C778A92DBCFDEFDF0E"", ""endToEndId"": ""E2E-B91F3D139229FC4AFD7AE758"", ""paymentMethod"": ""SCT_INST"", ""debtor"": {""name"": ""Thijs Hendriks..."
LOG-000153,gc-e1dcd18e-86ec-99c1-eab0511dc3e6,MER-PAY-20250317-000258,2025-03-19T16:07:17.171Z,INFO,REQUEST_VALIDATOR,VALIDATION_PASSED,Request payload schema validation passed,
LOG-000154,gc-e1dcd18e-86ec-99c1-eab0511dc3e6,MER-PAY-20250317-000258,2025-03-19T16:07:17.201Z,INFO,RAIL_ROUTER,ROUTED_TO_RAIL,Payment routed to SCT_INST rail handler,
LOG-000155,gc-e1dcd18e-86ec-99c1-eab0511dc3e6,MER-PAY-20250317-000258,2025-03-19T16:07:17.245Z,INFO,CORE_CONNECTOR,PRECHECK_REQUESTED,Pre-submission balance and account check requested from T24 core,"{""call"":""T24.Payment.Precheck"",""account"":""NL17BUNQ00661126203""}"
LOG-000156,gc-e1dcd18e-86ec-99c1-eab0511dc3e6,MER-PAY-20250317-000258,2025-03-19T16:07:17.427Z,WARN,CORE_CONNECTOR,PRECHECK_RESPONSE_RECEIVED,T24 returned error code: INSUFF.FUNDS,"{""T24.Response"":{""status"":""REJECT"",""code"":""INSUFF.FUNDS"",""module"":""FT""}}"
LOG-000157,gc-e1dcd18e-86ec-99c1-eab0511dc3e6,MER-PAY-20250317-000258,2025-03-19T16:07:17.473Z,WARN,RESPONSE_HANDLER,CODE_TRANSLATION_MISSING,"No translation mapping found for T24 code ""INSUFF.FUNDS"". Passing through raw.",
LOG-000158,gc-e1dcd18e-86ec-99c1-eab0511dc3e6,MER-PAY-20250317-000258,2025-03-19T16:07:17.531Z,INFO,RESPONSE_RETURNER,RETURNED_TO_CORE,Returning failure response to core,"{""paymentId"": ""MER-PAY-20250317-000258"", ""gcTransactionId"": ""gc-e1dcd18e-86ec-99c1-eab0511dc3e6"", ""instructionId"": ""GC-INSTR-78C778A92DBCFDEFDF0E"", ""endToEndId"": ""E2E-B91F3D139229FC4AFD7AE758"", ""status"": ""FAILED"", ""failedTimestamp"": ""2025-03-19T16:07:28.459Z"", ""railName"": ""SCT_INST"", ""errorCode"": ""I..."
LOG-000015,gc-e233e237-0480-aa48-98641e21b5a2,MER-PAY-20250317-000010,2025-03-17T09:23:58.301Z,INFO,REQUEST_RECEIVER,RECEIVED_FROM_CORE,Payment initiation request received from T24 core for SWIFT,"{""paymentId"": ""MER-PAY-20250317-000010"", ""instructionId"": ""GC-INSTR-93972E46B9B0760FDAAF"", ""endToEndId"": ""E2E-41BC47D2A7E536D2FDF4ACFC"", ""paymentMethod"": ""SWIFT"", ""debtor"": {""name"": ""Eva Peters"", ""acc..."
LOG-000016,gc-e233e237-0480-aa48-98641e21b5a2,MER-PAY-20250317-000010,2025-03-17T09:23:58.306Z,INFO,REQUEST_VALIDATOR,VALIDATION_PASSED,Request payload schema validation passed,
LOG-000017,gc-e233e237-0480-aa48-98641e21b5a2,MER-PAY-20250317-000010,2025-03-17T09:23:58.328Z,INFO,RAIL_ROUTER,ROUTED_TO_RAIL,Payment routed to SWIFT rail handler,
LOG-000018,gc-e233e237-0480-aa48-98641e21b5a2,MER-PAY-20250317-000010,2025-03-17T09:23:58.374Z,INFO,RAIL_SUBMITTER,SUBMITTED_TO_RAIL,Payment submitted to swift.gpi.network,"{""endpoint"":""swift.gpi.network"",""messageType"":""MT103""}"
LOG-000019,gc-e233e237-0480-aa48-98641e21b5a2,MER-PAY-20250317-000010,2025-03-17T09:24:00.826Z,INFO,RAIL_SUBMITTER,RAIL_RESPONSE_RECEIVED,Received MT199 response from SWIFT network,"{""messageType"":""MT199"",""field72"":""/RTGS/REJECT"",""narrative"":""Downstream rejection - see field 79"",""field79"":""Rejected by beneficiary bank"",""field11A"":""""}"
LOG-000020,gc-e233e237-0480-aa48-98641e21b5a2,MER-PAY-20250317-000010,2025-03-17T09:24:00.876Z,WARN,RESPONSE_HANDLER,NON_STANDARD_REJECTION,Rejection message lacks structured reason code. Free-text narrative present in field 79. No parser available for downstream correspondent rejections.,
LOG-000021,gc-e233e237-0480-aa48-98641e21b5a2,MER-PAY-20250317-000010,2025-03-17T09:24:00.926Z,INFO,RESPONSE_RETURNER,RETURNED_TO_CORE,Returning generic PAYMENT_FAILED to core - downstream rejection without parseable detail,"{""paymentId"": ""MER-PAY-20250317-000010"", ""gcTransactionId"": ""gc-e233e237-0480-aa48-98641e21b5a2"", ""instructionId"": ""GC-INSTR-93972E46B9B0760FDAAF"", ""endToEndId"": ""E2E-41BC47D2A7E536D2FDF4ACFC"", ""status"": ""FAILED"", ""failedTimestamp"": ""2025-03-17T09:24:07.778Z"", ""railName"": ""SWIFT"", ""errorCode"": ""PAYM..."
LOG-000065,gc-e7013d98-4b7b-21a0-7d6f901c447c,MER-PAY-20250317-000108,2025-03-18T07:55:28.911Z,INFO,REQUEST_RECEIVER,RECEIVED_FROM_CORE,Payment initiation request received from T24 core for SCT,"{""paymentId"": ""MER-PAY-20250317-000108"", ""instructionId"": ""GC-INSTR-04D370ADD6F73D059772"", ""endToEndId"": ""E2E-A582B526754DC78569E557CD"", ""paymentMethod"": ""SCT"", ""debtor"": {""name"": ""Hendrik Visser"", ""a..."
LOG-000066,gc-e7013d98-4b7b-21a0-7d6f901c447c,MER-PAY-20250317-000108,2025-03-18T07:55:28.928Z,INFO,REQUEST_VALIDATOR,VALIDATION_PASSED,Request payload schema validation passed,
LOG-000067,gc-e7013d98-4b7b-21a0-7d6f901c447c,MER-PAY-20250317-000108,2025-03-18T07:55:28.938Z,INFO,RAIL_ROUTER,ROUTED_TO_RAIL,Payment routed to SCT rail handler,
LOG-000068,gc-e7013d98-4b7b-21a0-7d6f901c447c,MER-PAY-20250317-000108,2025-03-18T07:55:29.006Z,INFO,CORE_CONNECTOR,PRECHECK_REQUESTED,Pre-submission balance and account check requested from T24 core,"{""call"":""T24.Payment.Precheck"",""account"":""NL74BUNQ05829236161""}"
LOG-000069,gc-e7013d98-4b7b-21a0-7d6f901c447c,MER-PAY-20250317-000108,2025-03-18T07:55:29.106Z,WARN,CORE_CONNECTOR,PRECHECK_RESPONSE_RECEIVED,T24 returned error code: ,"{""T24.Response"":{""status"":""REJECT"",""code"":"""",""module"":""FT""}}"
LOG-000070,gc-e7013d98-4b7b-21a0-7d6f901c447c,MER-PAY-20250317-000108,2025-03-18T07:55:29.241Z,ERROR,RESPONSE_HANDLER,EMPTY_CORE_RESPONSE,T24 returned response with empty code and null detail. No fallback handler defined for this case.,"{{""errorCode"":"""",""errorMessage"":""""}}"
LOG-000071,gc-e7013d98-4b7b-21a0-7d6f901c447c,MER-PAY-20250317-000108,2025-03-18T07:55:29.300Z,INFO,RESPONSE_RETURNER,RETURNED_TO_CORE,Returning failure response to core,"{""paymentId"": ""MER-PAY-20250317-000108"", ""gcTransactionId"": ""gc-e7013d98-4b7b-21a0-7d6f901c447c"", ""instructionId"": ""GC-INSTR-04D370ADD6F73D059772"", ""endToEndId"": ""E2E-A582B526754DC78569E557CD"", ""status"": ""FAILED"", ""failedTimestamp"": ""2025-03-18T07:55:29.351Z"", ""errorCode"": """", ""errorMessage"": """"}"
LOG-000022,gc-e8ad8c8d-aeaf-add3-fd830a757ee4,MER-PAY-20250317-000021,2025-03-17T12:09:42.064Z,INFO,REQUEST_RECEIVER,RECEIVED_FROM_CORE,Payment initiation request received from T24 core for SCT_INST,"{""paymentId"": ""MER-PAY-20250317-000021"", ""instructionId"": ""GC-INSTR-2E6C8AA4DBFBD00B4C5B"", ""endToEndId"": ""E2E-9862D032F93073BED94C5AA3"", ""paymentMethod"": ""SCT_INST"", ""debtor"": {""name"": ""Bram Smits"", ""..."
LOG-000023,gc-e8ad8c8d-aeaf-add3-fd830a757ee4,MER-PAY-20250317-000021,2025-03-17T12:09:42.085Z,ERROR,REQUEST_VALIDATOR,VALIDATION_FAILED,Creditor IBAN failed MOD-97 checksum validation,"{""validationRule"":""INVALID_IBAN_CHECKSUM"",""field"":""creditor.account""}"
LOG-000024,gc-e8ad8c8d-aeaf-add3-fd830a757ee4,MER-PAY-20250317-000021,2025-03-17T12:09:42.089Z,INFO,RESPONSE_RETURNER,RETURNED_TO_CORE,Returning validation failure to core: INVALID_IBAN_CHECKSUM,"{""paymentId"": ""MER-PAY-20250317-000021"", ""gcTransactionId"": ""gc-e8ad8c8d-aeaf-add3-fd830a757ee4"", ""instructionId"": ""GC-INSTR-2E6C8AA4DBFBD00B4C5B"", ""endToEndId"": ""E2E-9862D032F93073BED94C5AA3"", ""statu..."
LOG-000039,gc-eb672beb-6d92-4f85-e960a4279e3d,MER-PAY-20250317-000033,2025-03-17T15:05:40.296Z,INFO,REQUEST_RECEIVER,RECEIVED_FROM_CORE,Payment initiation request received from T24 core for SCT,"{""paymentId"": ""MER-PAY-20250317-000033"", ""instructionId"": ""GC-INSTR-47D497B3C24AA1A42EA0"", ""endToEndId"": ""E2E-C7F95764AFD5B04927B505AF"", ""paymentMethod"": ""SCT"", ""debtor"": {""name"": ""Pieter van den Berg..."
LOG-000040,gc-eb672beb-6d92-4f85-e960a4279e3d,MER-PAY-20250317-000033,2025-03-17T15:05:40.314Z,ERROR,REQUEST_VALIDATOR,VALIDATION_FAILED,Instructed amount 999999999.99 exceeds maximum permitted value 1000000.00,"{""validationRule"":""AMOUNT_OUT_OF_RANGE""}"
LOG-000041,gc-eb672beb-6d92-4f85-e960a4279e3d,MER-PAY-20250317-000033,2025-03-17T15:05:40.331Z,INFO,RESPONSE_RETURNER,RETURNED_TO_CORE,Returning validation failure to core: AMOUNT_OUT_OF_RANGE,"{""paymentId"": ""MER-PAY-20250317-000033"", ""gcTransactionId"": ""gc-eb672beb-6d92-4f85-e960a4279e3d"", ""instructionId"": ""GC-INSTR-47D497B3C24AA1A42EA0"", ""endToEndId"": ""E2E-C7F95764AFD5B04927B505AF"", ""statu..."
LOG-000159,gc-fdc24ad8-1dd4-c4e2-6f3750083f50,MER-PAY-20250317-000265,2025-03-19T16:51:50.894Z,INFO,REQUEST_RECEIVER,RECEIVED_FROM_CORE,Payment initiation request received from T24 core for SCT,"{""paymentId"": ""MER-PAY-20250317-000265"", ""instructionId"": ""GC-INSTR-EDAC24DB2B7014D8B814"", ""endToEndId"": ""E2E-406C71E908326936A1F188F8"", ""paymentMethod"": ""SCT"", ""debtor"": {""name"": ""Kasim Yilmaz"", ""acc..."
LOG-000160,gc-fdc24ad8-1dd4-c4e2-6f3750083f50,MER-PAY-20250317-000265,2025-03-19T16:51:50.906Z,INFO,REQUEST_VALIDATOR,VALIDATION_PASSED,Request payload schema validation passed,
LOG-000161,gc-fdc24ad8-1dd4-c4e2-6f3750083f50,MER-PAY-20250317-000265,2025-03-19T16:51:50.923Z,INFO,RAIL_ROUTER,ROUTED_TO_RAIL,Payment routed to SCT rail handler,
LOG-000162,gc-fdc24ad8-1dd4-c4e2-6f3750083f50,MER-PAY-20250317-000265,2025-03-19T16:51:50.986Z,INFO,RAIL_SUBMITTER,SUBMITTED_TO_RAIL,Payment submitted to eba-clearing.step2-sct.eu,"{""endpoint"":""eba-clearing.step2-sct.eu"",""messageType"":""pacs.008""}"
LOG-000163,gc-fdc24ad8-1dd4-c4e2-6f3750083f50,MER-PAY-20250317-000265,2025-03-19T16:51:55.556Z,INFO,RAIL_SUBMITTER,RAIL_RESPONSE_RECEIVED,Received pacs.002 rejection from rail,<Document><FIToFIPmtStsRpt><TxInfAndSts><StsRsnInf><Rsn><Cd>AC06</Cd></Rsn></StsRsnInf></TxInfAndSts></FIToFIPmtStsRpt></Document>
LOG-000164,gc-fdc24ad8-1dd4-c4e2-6f3750083f50,MER-PAY-20250317-000265,2025-03-19T16:51:55.586Z,INFO,RESPONSE_HANDLER,CODE_EXTRACTED,"Extracted reason code ""AC06"" from rail response",
LOG-000165,gc-fdc24ad8-1dd4-c4e2-6f3750083f50,MER-PAY-20250317-000265,2025-03-19T16:51:55.616Z,INFO,RESPONSE_RETURNER,RETURNED_TO_CORE,Returning scheme rejection to core,"{""paymentId"": ""MER-PAY-20250317-000265"", ""gcTransactionId"": ""gc-fdc24ad8-1dd4-c4e2-6f3750083f50"", ""instructionId"": ""GC-INSTR-EDAC24DB2B7014D8B814"", ""endToEndId"": ""E2E-406C71E908326936A1F188F8"", ""status"": ""FAILED"", ""failedTimestamp"": ""2025-03-19T16:51:58.044Z"", ""railName"": ""SCT"", ""errorCode"": ""AC06"",..."